Country,Code,Year,Production (in Tonnes)
Afghanistan,AFG,2015,612000
Afghanistan,AFG,2016,532200
Afghanistan,AFG,2017,505100
Afghanistan,AFG,2018,525500
Afghanistan,AFG,2019,570900
Afghanistan,AFG,2020,655400
Afghanistan,AFG,2021,622300
Afghanistan,AFG,2022,592000
Afghanistan,AFG,2023,597000
Africa,NA,2015,32196904
Africa,NA,2016,34338700
Africa,NA,2017,32972514
Africa,NA,2018,34261310
Africa,NA,2019,36267456
Africa,NA,2020,37701364
Africa,NA,2021,39001410
Africa,NA,2022,40108156
Africa,NA,2023,42672870
Africa (FAO),NA,2015,32196904
Africa (FAO),NA,2016,34338700
Africa (FAO),NA,2017,32972514
Africa (FAO),NA,2018,34261310
Africa (FAO),NA,2019,36267456
Africa (FAO),NA,2020,37701364
Africa (FAO),NA,2021,39001410
Africa (FAO),NA,2022,40108156
Africa (FAO),NA,2023,42672870
Algeria,DZA,2015,280.6
Algeria,DZA,2016,306.87
Algeria,DZA,2017,316.14
Algeria,DZA,2018,301.2
Algeria,DZA,2019,308.07
Algeria,DZA,2020,308.47
Algeria,DZA,2021,305.92
Algeria,DZA,2022,307.49
Algeria,DZA,2023,307.29
Americas (FAO),NA,2015,36836950
Americas (FAO),NA,2016,36493224
Americas (FAO),NA,2017,36602612
Americas (FAO),NA,2018,38138696
Americas (FAO),NA,2019,34415716
Americas (FAO),NA,2020,38036504
Americas (FAO),NA,2021,37341040
Americas (FAO),NA,2022,34206690
Americas (FAO),NA,2023,36711596
Angola,AGO,2015,45322
Angola,AGO,2016,24576
Angola,AGO,2017,9426
Angola,AGO,2018,9699
Angola,AGO,2019,10102
Angola,AGO,2020,10567
Angola,AGO,2021,10514
Angola,AGO,2022,10563
Angola,AGO,2023,39830
Argentina,ARG,2015,1558100
Argentina,ARG,2016,1404980
Argentina,ARG,2017,1328340
Argentina,ARG,2018,1367968
Argentina,ARG,2019,1189866
Argentina,ARG,2020,1222910
Argentina,ARG,2021,1453187
Argentina,ARG,2022,1222426
Argentina,ARG,2023,1163209
Asia,NA,2015,660118460
Asia,NA,2016,662066940
Asia,NA,2017,674360960
Asia,NA,2018,686866200
Asia,NA,2019,680695200
Asia,NA,2020,695246850
Asia,NA,2021,710255400
Asia,NA,2022,710854800
Asia,NA,2023,716775800
Asia (FAO),NA,2015,660118460
Asia (FAO),NA,2016,662066940
Asia (FAO),NA,2017,674360960
Asia (FAO),NA,2018,686866200
Asia (FAO),NA,2019,680695200
Asia (FAO),NA,2020,695246800
Asia (FAO),NA,2021,710255360
Asia (FAO),NA,2022,710854800
Asia (FAO),NA,2023,716775800
Australia,AUS,2015,690390
Australia,AUS,2016,273942
Australia,AUS,2017,807304.44
Australia,AUS,2018,635113
Australia,AUS,2019,66835.34
Australia,AUS,2020,50226.33
Australia,AUS,2021,422977.53
Australia,AUS,2022,691444.5
Australia,AUS,2023,496633
Azerbaijan,AZE,2015,2834
Azerbaijan,AZE,2016,5406
Azerbaijan,AZE,2017,15915.7
Azerbaijan,AZE,2018,11974.6
Azerbaijan,AZE,2019,11070
Azerbaijan,AZE,2020,9397.3
Azerbaijan,AZE,2021,10062.3
Azerbaijan,AZE,2022,10715.4
Azerbaijan,AZE,2023,13972.5
Bangladesh,BGD,2015,51805464
Bangladesh,BGD,2016,50452864
Bangladesh,BGD,2017,54148000
Bangladesh,BGD,2018,54416000
Bangladesh,BGD,2019,54586344
Bangladesh,BGD,2020,54905892
Bangladesh,BGD,2021,56383440
Bangladesh,BGD,2022,57189190
Bangladesh,BGD,2023,58613456
Belgium,BEL,2018,0
Belgium,BEL,2019,0
Belgium,BEL,2020,0
Belgium,BEL,2021,0
Belgium,BEL,2022,0
Belgium,BEL,2023,0
Belize,BLZ,2015,12663
Belize,BLZ,2016,16202.79
Belize,BLZ,2017,18751
Belize,BLZ,2018,13375
Belize,BLZ,2019,13900
Belize,BLZ,2020,13942
Belize,BLZ,2021,14990
Belize,BLZ,2022,15364
Belize,BLZ,2023,17701
Benin,BEN,2015,204309.7
Benin,BEN,2016,281427.62
Benin,BEN,2017,278717.56
Benin,BEN,2018,459313.03
Benin,BEN,2019,406082.78
Benin,BEN,2020,411578.12
Benin,BEN,2021,519666.84
Benin,BEN,2022,525014.2
Benin,BEN,2023,492626.2
Bhutan,BTN,2015,80261
Bhutan,BTN,2016,83332
Bhutan,BTN,2017,86385
Bhutan,BTN,2018,63889.82
Bhutan,BTN,2019,49948.05
Bhutan,BTN,2020,54088.4
Bhutan,BTN,2021,40507.9
Bhutan,BTN,2022,41049.13
Bhutan,BTN,2023,40804.01
Bolivia,BOL,2015,527341
Bolivia,BOL,2016,406954
Bolivia,BOL,2017,478578.44
Bolivia,BOL,2018,541157
Bolivia,BOL,2019,600044
Bolivia,BOL,2020,487427
Bolivia,BOL,2021,550181.5
Bolivia,BOL,2022,608680.7
Bolivia,BOL,2023,698543.56
Brazil,BRA,2015,12301201
Brazil,BRA,2016,10622189
Brazil,BRA,2017,12464766
Brazil,BRA,2018,11808412
Brazil,BRA,2019,10368639
Brazil,BRA,2020,11091011
Brazil,BRA,2021,11660605
Brazil,BRA,2022,10776268
Brazil,BRA,2023,10285663
Brunei,BRN,2015,3100
Brunei,BRN,2016,2400
Brunei,BRN,2017,2300
Brunei,BRN,2018,2400
Brunei,BRN,2019,2300
Brunei,BRN,2020,3900
Brunei,BRN,2021,4100
Brunei,BRN,2022,3600
Brunei,BRN,2023,3700
Bulgaria,BGR,2015,67684
Bulgaria,BGR,2016,64773
Bulgaria,BGR,2017,58523
Bulgaria,BGR,2018,60720
Bulgaria,BGR,2019,70920
Bulgaria,BGR,2020,65810
Bulgaria,BGR,2021,58120
Bulgaria,BGR,2022,64320
Bulgaria,BGR,2023,64160
Burkina Faso,BFA,2015,325138
Burkina Faso,BFA,2016,384690
Burkina Faso,BFA,2017,325566
Burkina Faso,BFA,2018,350392
Burkina Faso,BFA,2019,376527.25
Burkina Faso,BFA,2020,451421
Burkina Faso,BFA,2021,451014
Burkina Faso,BFA,2022,438982.38
Burkina Faso,BFA,2023,504254
Burundi,BDI,2015,38674
Burundi,BDI,2016,146633
Burundi,BDI,2017,88297.9
Burundi,BDI,2018,89296.2
Burundi,BDI,2019,241210.7
Burundi,BDI,2020,248102
Burundi,BDI,2021,491662
Burundi,BDI,2022,453112
Burundi,BDI,2023,412369
Cambodia,KHM,2015,9335000
Cambodia,KHM,2016,9952000
Cambodia,KHM,2017,10518000
Cambodia,KHM,2018,10892000
Cambodia,KHM,2019,10885700
Cambodia,KHM,2020,10936000
Cambodia,KHM,2021,12207000
Cambodia,KHM,2022,11624000
Cambodia,KHM,2023,12900000
Cameroon,CMR,2015,278281
Cameroon,CMR,2016,277797
Cameroon,CMR,2017,287099
Cameroon,CMR,2018,327365.9
Cameroon,CMR,2019,292850.1
Cameroon,CMR,2020,290449.1
Cameroon,CMR,2021,315300
Cameroon,CMR,2022,343100
Cameroon,CMR,2023,358433
Caribbean (FAO),NA,2015,1376549.8
Caribbean (FAO),NA,2016,1545327
Caribbean (FAO),NA,2017,1491361.6
Caribbean (FAO),NA,2018,1592736.2
Caribbean (FAO),NA,2019,1499804.1
Caribbean (FAO),NA,2020,1363674.8
Caribbean (FAO),NA,2021,1390264.5
Caribbean (FAO),NA,2022,1316434
Caribbean (FAO),NA,2023,1216959.4
Central African Republic,CAF,2015,10180
Central African Republic,CAF,2016,11608
Central African Republic,CAF,2017,11605
Central African Republic,CAF,2018,12070
Central African Republic,CAF,2019,12552
Central African Republic,CAF,2020,48801
Central African Republic,CAF,2021,50265
Central African Republic,CAF,2022,51773
Central African Republic,CAF,2023,53326
Central America (FAO),NA,2015,1232527.9
Central America (FAO),NA,2016,1343728
Central America (FAO),NA,2017,1297265.4
Central America (FAO),NA,2018,1380026.2
Central America (FAO),NA,2019,1363598.6
Central America (FAO),NA,2020,1428090.5
Central America (FAO),NA,2021,1418555.8
Central America (FAO),NA,2022,1406864.8
Central America (FAO),NA,2023,1378086.8
Central Asia (FAO),NA,2015,1093985
Central Asia (FAO),NA,2016,1115422.5
Central Asia (FAO),NA,2017,1100493.6
Central Asia (FAO),NA,2018,915101.3
Central Asia (FAO),NA,2019,1108057.2
Central Asia (FAO),NA,2020,1079933.5
Central Asia (FAO),NA,2021,1112248.9
Central Asia (FAO),NA,2022,1063071
Central Asia (FAO),NA,2023,1108723.9
Chad,TCD,2015,243478
Chad,TCD,2016,257701
Chad,TCD,2017,263555
Chad,TCD,2018,259539.84
Chad,TCD,2019,290563
Chad,TCD,2020,278052.84
Chad,TCD,2021,242646.7
Chad,TCD,2022,231965
Chad,TCD,2023,223952
Chile,CHL,2015,163559.6
Chile,CHL,2016,174008
Chile,CHL,2017,127866
Chile,CHL,2018,192808
Chile,CHL,2019,174897.2
Chile,CHL,2020,169697
Chile,CHL,2021,146085.1
Chile,CHL,2022,100557
Chile,CHL,2023,109232.5
China,CHN,2015,212142000
China,CHN,2016,211094000
China,CHN,2017,212675900
China,CHN,2018,212129000
China,CHN,2019,209614000
China,CHN,2020,211860000
China,CHN,2021,212843000
China,CHN,2022,208494800
China,CHN,2023,206603200
China (FAO),NA,2015,213723730
China (FAO),NA,2016,212681780
China (FAO),NA,2017,214429950
China (FAO),NA,2018,214078800
China (FAO),NA,2019,211405220
China (FAO),NA,2020,213610740
China (FAO),NA,2021,214403870
China (FAO),NA,2022,210070800
China (FAO),NA,2023,208064210
Colombia,COL,2015,2093100
Colombia,COL,2016,2645300
Colombia,COL,2017,2703100
Colombia,COL,2018,2591400
Colombia,COL,2019,2639200
Colombia,COL,2020,3038500
Colombia,COL,2021,2980400
Colombia,COL,2022,2608500
Colombia,COL,2023,3006100
Comoros,COM,2015,9
Comoros,COM,2016,8
Comoros,COM,2017,7
Comoros,COM,2018,7
Comoros,COM,2019,5
Comoros,COM,2020,5
Comoros,COM,2021,4
Comoros,COM,2022,5
Comoros,COM,2023,21.02
Congo,COG,2015,1221.64
Congo,COG,2016,1230.72
Congo,COG,2017,1205.35
Congo,COG,2018,1165.54
Congo,COG,2019,1122.56
Congo,COG,2020,1084.53
Congo,COG,2021,1000
Congo,COG,2022,1000
Congo,COG,2023,1000
Costa Rica,CRI,2015,195744
Costa Rica,CRI,2016,204338
Costa Rica,CRI,2017,152851
Costa Rica,CRI,2018,179638.3
Costa Rica,CRI,2019,157015.5
Costa Rica,CRI,2020,137504
Costa Rica,CRI,2021,151018
Costa Rica,CRI,2022,114343
Costa Rica,CRI,2023,76119
Cote d'Ivoire,CIV,2015,2153000
Cote d'Ivoire,CIV,2016,2055000
Cote d'Ivoire,CIV,2017,2120000
Cote d'Ivoire,CIV,2018,2006845
Cote d'Ivoire,CIV,2019,1883956
Cote d'Ivoire,CIV,2020,1481182
Cote d'Ivoire,CIV,2021,1659000
Cote d'Ivoire,CIV,2022,1703514
Cote d'Ivoire,CIV,2023,2011500
Croatia,HRV,2018,0
Croatia,HRV,2019,0
Croatia,HRV,2020,0
Croatia,HRV,2021,0
Croatia,HRV,2022,0
Croatia,HRV,2023,0
Cuba,CUB,2015,418037
Cuba,CUB,2016,514045
Cuba,CUB,2017,404733
Cuba,CUB,2018,460869.75
Cuba,CUB,2019,391842
Cuba,CUB,2020,266595.1
Cuba,CUB,2021,225786
Cuba,CUB,2022,143812
Cuba,CUB,2023,130000
Cyprus,CYP,2018,0
Cyprus,CYP,2019,0
Cyprus,CYP,2020,0
Cyprus,CYP,2021,0
Cyprus,CYP,2022,0
Cyprus,CYP,2023,0
Czechia,CZE,2018,0
Czechia,CZE,2019,0
Czechia,CZE,2020,0
Czechia,CZE,2021,0
Czechia,CZE,2022,0
Czechia,CZE,2023,0
Democratic Republic of Congo,COD,2015,1021815
Democratic Republic of Congo,COD,2016,1130000
Democratic Republic of Congo,COD,2017,1213006
Democratic Republic of Congo,COD,2018,1286872
Democratic Republic of Congo,COD,2019,1378846
Democratic Republic of Congo,COD,2020,1476290
Democratic Republic of Congo,COD,2021,1580620
Democratic Republic of Congo,COD,2022,1692323
Democratic Republic of Congo,COD,2023,1812345
Denmark,DNK,2018,0
Denmark,DNK,2019,0
Denmark,DNK,2020,0
Denmark,DNK,2021,0
Denmark,DNK,2022,0
Denmark,DNK,2023,0
Dominican Republic,DOM,2015,824302
Dominican Republic,DOM,2016,856724
Dominican Republic,DOM,2017,905051
Dominican Republic,DOM,2018,965250
Dominican Republic,DOM,2019,919464
Dominican Republic,DOM,2020,934754
Dominican Republic,DOM,2021,1006394
Dominican Republic,DOM,2022,1029316
Dominican Republic,DOM,2023,947005
East Timor,TLS,2015,71541
East Timor,TLS,2016,60000
East Timor,TLS,2017,62114.64
East Timor,TLS,2018,57000
East Timor,TLS,2019,47822
East Timor,TLS,2020,49983
East Timor,TLS,2021,45455
East Timor,TLS,2022,85500
East Timor,TLS,2023,83000
Eastern Africa (FAO),NA,2015,7616822
Eastern Africa (FAO),NA,2016,8242650.5
Eastern Africa (FAO),NA,2017,7022296.5
Eastern Africa (FAO),NA,2018,8473198
Eastern Africa (FAO),NA,2019,8626264
Eastern Africa (FAO),NA,2020,10227980
Eastern Africa (FAO),NA,2021,10493659
Eastern Africa (FAO),NA,2022,10838965
Eastern Africa (FAO),NA,2023,10326691
Eastern Asia (FAO),NA,2015,232365760
Eastern Asia (FAO),NA,2016,231776800
Eastern Asia (FAO),NA,2017,232875780
Eastern Asia (FAO),NA,2018,231967860
Eastern Asia (FAO),NA,2019,229765100
Eastern Asia (FAO),NA,2020,230913010
Eastern Asia (FAO),NA,2021,232331100
Eastern Asia (FAO),NA,2022,227512240
Eastern Asia (FAO),NA,2023,224873820
Eastern Europe (FAO),NA,2015,1299141
Eastern Europe (FAO),NA,2016,1264761.2
Eastern Europe (FAO),NA,2017,1164696.6
Eastern Europe (FAO),NA,2018,1224432
Eastern Europe (FAO),NA,2019,1274709.8
Eastern Europe (FAO),NA,2020,1304718.9
Eastern Europe (FAO),NA,2021,1208511.5
Eastern Europe (FAO),NA,2022,1014554.5
Eastern Europe (FAO),NA,2023,1161340
Ecuador,ECU,2015,1326200
Ecuador,ECU,2016,1231300
Ecuador,ECU,2017,1330500
Ecuador,ECU,2018,1083300
Ecuador,ECU,2019,882400
Ecuador,ECU,2020,1072400
Ecuador,ECU,2021,1207000
Ecuador,ECU,2022,1252800
Ecuador,ECU,2023,1313000
Egypt,EGY,2015,4817964
Egypt,EGY,2016,5308873
Egypt,EGY,2017,4960662
Egypt,EGY,2018,3123708
Egypt,EGY,2019,4804296
Egypt,EGY,2020,4804000
Egypt,EGY,2021,4241894
Egypt,EGY,2022,4300578
Egypt,EGY,2023,5600000
El Salvador,SLV,2015,38782
El Salvador,SLV,2016,27617
El Salvador,SLV,2017,29616.32
El Salvador,SLV,2018,22763.5
El Salvador,SLV,2019,27603
El Salvador,SLV,2020,23497.42
El Salvador,SLV,2021,19145.98
El Salvador,SLV,2022,14504
El Salvador,SLV,2023,11000
Estonia,EST,2018,0
Estonia,EST,2019,0
Estonia,EST,2020,0
Estonia,EST,2021,0
Estonia,EST,2022,0
Estonia,EST,2023,0
Eswatini,SWZ,2015,902.68
Eswatini,SWZ,2016,895.22
Eswatini,SWZ,2017,943.5
Eswatini,SWZ,2018,1000
Eswatini,SWZ,2019,1000
Eswatini,SWZ,2020,1000
Eswatini,SWZ,2021,1000
Eswatini,SWZ,2022,1000
Eswatini,SWZ,2023,1000.63
Ethiopia,ETH,2015,139780.14
Ethiopia,ETH,2016,136001
Ethiopia,ETH,2017,151018.33
Ethiopia,ETH,2018,171854.1
Ethiopia,ETH,2019,170630.1
Ethiopia,ETH,2020,268223
Ethiopia,ETH,2021,280633
Ethiopia,ETH,2022,208000
Ethiopia,ETH,2023,202000
Europe,NA,2015,4224345.5
Europe,NA,2016,4239367.5
Europe,NA,2017,4142720.5
Europe,NA,2018,3968044
Europe,NA,2019,4032387.8
Europe,NA,2020,4066617
Europe,NA,2021,3787543.5
Europe,NA,2022,3055715.5
Europe,NA,2023,3331617
Europe (FAO),NA,2015,4224345.5
Europe (FAO),NA,2016,4239367.5
Europe (FAO),NA,2017,4142720.5
Europe (FAO),NA,2018,3968044
Europe (FAO),NA,2019,4032387.8
Europe (FAO),NA,2020,4066617
Europe (FAO),NA,2021,3787543.5
Europe (FAO),NA,2022,3055715.5
Europe (FAO),NA,2023,3331617
European Union (27),NA,2015,3021546.2
European Union (27),NA,2016,3068989.2
European Union (27),NA,2017,3075081
European Union (27),NA,2018,2840880
European Union (27),NA,2019,2857880
European Union (27),NA,2020,2844600
European Union (27),NA,2021,2642690
European Union (27),NA,2022,2113550
European Union (27),NA,2023,2234840
European Union (27) (FAO),NA,2015,3021546.2
European Union (27) (FAO),NA,2016,3068989.2
European Union (27) (FAO),NA,2017,3075081
European Union (27) (FAO),NA,2018,2840880
European Union (27) (FAO),NA,2019,2857880
European Union (27) (FAO),NA,2020,2844600
European Union (27) (FAO),NA,2021,2642690
European Union (27) (FAO),NA,2022,2113550
European Union (27) (FAO),NA,2023,2234840
Fiji,FJI,2015,6329
Fiji,FJI,2016,8649
Fiji,FJI,2017,9081
Fiji,FJI,2018,7051
Fiji,FJI,2019,6589.15
Fiji,FJI,2020,8846.96
Fiji,FJI,2021,10367.75
Fiji,FJI,2022,12990.97
Fiji,FJI,2023,7165.4
Finland,FIN,2018,0
Finland,FIN,2019,0
Finland,FIN,2020,0
Finland,FIN,2021,0
Finland,FIN,2022,0
Finland,FIN,2023,0
France,FRA,2015,80858.2
France,FRA,2016,80297
France,FRA,2017,92544
France,FRA,2018,71430
France,FRA,2019,82570
France,FRA,2020,75460
France,FRA,2021,62340
France,FRA,2022,64480
France,FRA,2023,68270
Gabon,GAB,2015,1684.31
Gabon,GAB,2016,1727.6
Gabon,GAB,2017,1691.96
Gabon,GAB,2018,1760.1
Gabon,GAB,2019,1726.55
Gabon,GAB,2020,1726.2
Gabon,GAB,2021,1737.62
Gabon,GAB,2022,1730.12
Gabon,GAB,2023,1731.31
Gambia,GMB,2015,70000
Gambia,GMB,2016,49000
Gambia,GMB,2017,30000
Gambia,GMB,2018,28000
Gambia,GMB,2019,31900
Gambia,GMB,2020,40288
Gambia,GMB,2021,40173
Gambia,GMB,2022,44597
Gambia,GMB,2023,55100
Germany,DEU,2018,0
Germany,DEU,2019,0
Germany,DEU,2020,0
Germany,DEU,2021,0
Germany,DEU,2022,0
Germany,DEU,2023,0
Ghana,GHA,2015,641491.56
Ghana,GHA,2016,687678.94
Ghana,GHA,2017,722080.1
Ghana,GHA,2018,769400.9
Ghana,GHA,2019,925000
Ghana,GHA,2020,973000
Ghana,GHA,2021,1143000
Ghana,GHA,2022,1283000
Ghana,GHA,2023,1463000
Greece,GRC,2015,263646.1
Greece,GRC,2016,277482.3
Greece,GRC,2017,255418
Greece,GRC,2018,222690
Greece,GRC,2019,220930
Greece,GRC,2020,287410
Greece,GRC,2021,245340
Greece,GRC,2022,214750
Greece,GRC,2023,190440
Guatemala,GTM,2015,32826.48
Guatemala,GTM,2016,33747.27
Guatemala,GTM,2017,31831
Guatemala,GTM,2018,32564
Guatemala,GTM,2019,22776
Guatemala,GTM,2020,23583
Guatemala,GTM,2021,24143
Guatemala,GTM,2022,27891
Guatemala,GTM,2023,51193
Guinea,GIN,2015,2047365
Guinea,GIN,2016,2136242
Guinea,GIN,2017,2197907
Guinea,GIN,2018,2339747
Guinea,GIN,2019,2385929
Guinea,GIN,2020,2459015
Guinea,GIN,2021,2839900
Guinea,GIN,2022,3158100
Guinea,GIN,2023,3534800
Guinea-Bissau,GNB,2015,170000
Guinea-Bissau,GNB,2016,186000
Guinea-Bissau,GNB,2017,165000
Guinea-Bissau,GNB,2018,176000
Guinea-Bissau,GNB,2019,187000
Guinea-Bissau,GNB,2020,198142
Guinea-Bissau,GNB,2021,213918
Guinea-Bissau,GNB,2022,224000
Guinea-Bissau,GNB,2023,226400
Guyana,GUY,2015,1058100
Guyana,GUY,2016,822200
Guyana,GUY,2017,969400
Guyana,GUY,2018,964000
Guyana,GUY,2019,1049900
Guyana,GUY,2020,1057600
Guyana,GUY,2021,860000
Guyana,GUY,2022,929600
Guyana,GUY,2023,995000
Haiti,HTI,2015,132000
Haiti,HTI,2016,172114
Haiti,HTI,2017,179000
Haiti,HTI,2018,164643
Haiti,HTI,2019,186087
Haiti,HTI,2020,159306
Haiti,HTI,2021,155000
Haiti,HTI,2022,140000
Haiti,HTI,2023,136000
High-income countries,NA,2015,34924764
High-income countries,NA,2016,35568820
High-income countries,NA,2017,33750884
High-income countries,NA,2018,35356372
High-income countries,NA,2019,32726118
High-income countries,NA,2020,34269604
High-income countries,NA,2021,33076628
High-income countries,NA,2022,30992698
High-income countries,NA,2023,33191180
Honduras,HND,2015,69418
Honduras,HND,2016,68181
Honduras,HND,2017,59634
Honduras,HND,2018,59648.11
Honduras,HND,2019,56522.76
Honduras,HND,2020,65634.28
Honduras,HND,2021,53818.8
Honduras,HND,2022,51128.99
Honduras,HND,2023,34869.78
Hong Kong,HKG,2015,0.05
Hong Kong,HKG,2016,0.05
Hong Kong,HKG,2017,0.05
Hong Kong,HKG,2018,0.05
Hong Kong,HKG,2019,0.05
Hong Kong,HKG,2020,0.06
Hong Kong,HKG,2021,0.05
Hong Kong,HKG,2022,0.06
Hong Kong,HKG,2023,0.06
Hungary,HUN,2015,9412
Hungary,HUN,2016,10767
Hungary,HUN,2017,12303
Hungary,HUN,2018,13420
Hungary,HUN,2019,11030
Hungary,HUN,2020,11740
Hungary,HUN,2021,9520
Hungary,HUN,2022,10150
Hungary,HUN,2023,8330
India,IND,2015,156604000
India,IND,2016,164539000
India,IND,2017,169128000
India,IND,2018,174711000
India,IND,2019,178296000
India,IND,2020,186543000
India,IND,2021,194198000
India,IND,2022,203624000
India,IND,2023,206727000
Indonesia,IDN,2015,61031000
Indonesia,IDN,2016,54031000
Indonesia,IDN,2017,55252000
Indonesia,IDN,2018,59200536
Indonesia,IDN,2019,54604030
Indonesia,IDN,2020,54649204
Indonesia,IDN,2021,54415296
Indonesia,IDN,2022,54748976
Indonesia,IDN,2023,53980990
Iran,IRN,2015,2347701
Iran,IRN,2016,2921046
Iran,IRN,2017,3206100
Iran,IRN,2018,3106400
Iran,IRN,2019,4422300
Iran,IRN,2020,4560700
Iran,IRN,2021,3032900
Iran,IRN,2022,3629200
Iran,IRN,2023,3598594.5
Iraq,IRQ,2015,109209
Iraq,IRQ,2016,181320
Iraq,IRQ,2017,265852
Iraq,IRQ,2018,18196
Iraq,IRQ,2019,574705
Iraq,IRQ,2020,464159
Iraq,IRQ,2021,422463
Iraq,IRQ,2022,11637
Iraq,IRQ,2023,12602
Ireland,IRL,2018,0
Ireland,IRL,2019,0
Ireland,IRL,2020,0
Ireland,IRL,2021,0
Ireland,IRL,2022,0
Ireland,IRL,2023,0
Italy,ITA,2015,1518229
Italy,ITA,2016,1587346
Italy,ITA,2017,1598027
Italy,ITA,2018,1470090
Italy,ITA,2019,1492620
Italy,ITA,2020,1507490
Italy,ITA,2021,1459310
Italy,ITA,2022,1236960
Italy,ITA,2023,1378640
Jamaica,JAM,2015,18
Jamaica,JAM,2016,13.6
Jamaica,JAM,2017,1
Jamaica,JAM,2018,0
Jamaica,JAM,2019,1
Jamaica,JAM,2020,0
Jamaica,JAM,2021,0
Jamaica,JAM,2022,0
Jamaica,JAM,2023,0
Japan,JPN,2015,10925000
Japan,JPN,2016,10934000
Japan,JPN,2017,10777000
Japan,JPN,2018,10606000
Japan,JPN,2019,10540100
Japan,JPN,2020,10476100
Japan,JPN,2021,10616200
Japan,JPN,2022,10451000
Japan,JPN,2023,10136000
Kazakhstan,KAZ,2015,422225
Kazakhstan,KAZ,2016,447830
Kazakhstan,KAZ,2017,489485
Kazakhstan,KAZ,2018,482945
Kazakhstan,KAZ,2019,560667.75
Kazakhstan,KAZ,2020,556774.75
Kazakhstan,KAZ,2021,503771.3
Kazakhstan,KAZ,2022,431391
Kazakhstan,KAZ,2023,485183
Kenya,KEN,2015,116473
Kenya,KEN,2016,101510
Kenya,KEN,2017,81198
Kenya,KEN,2018,112605
Kenya,KEN,2019,160585
Kenya,KEN,2020,180890
Kenya,KEN,2021,186000
Kenya,KEN,2022,192299
Kenya,KEN,2023,229064
Kyrgyzstan,KGZ,2015,30208
Kyrgyzstan,KGZ,2016,34846.7
Kyrgyzstan,KGZ,2017,38179.6
Kyrgyzstan,KGZ,2018,40783
Kyrgyzstan,KGZ,2019,41219.1
Kyrgyzstan,KGZ,2020,44473.6
Kyrgyzstan,KGZ,2021,46338
Kyrgyzstan,KGZ,2022,44248
Kyrgyzstan,KGZ,2023,46765
Land Locked Developing Countries (FAO),NA,2015,15275527
Land Locked Developing Countries (FAO),NA,2016,16679314
Land Locked Developing Countries (FAO),NA,2017,16451914
Land Locked Developing Countries (FAO),NA,2018,16802658
Land Locked Developing Countries (FAO),NA,2019,17413032
Land Locked Developing Countries (FAO),NA,2020,17652972
Land Locked Developing Countries (FAO),NA,2021,16941310
Land Locked Developing Countries (FAO),NA,2022,17512830
Land Locked Developing Countries (FAO),NA,2023,18193764
Laos,LAO,2015,4102000
Laos,LAO,2016,4148800
Laos,LAO,2017,4039779
Laos,LAO,2018,3584700
Laos,LAO,2019,3534500
Laos,LAO,2020,3519100
Laos,LAO,2021,3494890
Laos,LAO,2022,3594800
Laos,LAO,2023,3835000
Latvia,LVA,2018,0
Latvia,LVA,2019,0
Latvia,LVA,2020,0
Latvia,LVA,2021,0
Latvia,LVA,2022,0
Latvia,LVA,2023,0
Least Developed Countries (FAO),NA,2015,113534280
Least Developed Countries (FAO),NA,2016,114669550
Least Developed Countries (FAO),NA,2017,117542420
Least Developed Countries (FAO),NA,2018,122715070
Least Developed Countries (FAO),NA,2019,121748660
Least Developed Countries (FAO),NA,2020,123976696
Least Developed Countries (FAO),NA,2021,128533030
Least Developed Countries (FAO),NA,2022,130424740
Least Developed Countries (FAO),NA,2023,131586670
Liberia,LBR,2015,296000
Liberia,LBR,2016,335180
Liberia,LBR,2017,247495
Liberia,LBR,2018,257995
Liberia,LBR,2019,276400
Liberia,LBR,2020,279000
Liberia,LBR,2021,255600
Liberia,LBR,2022,288000
Liberia,LBR,2023,256200
Lithuania,LTU,2018,0
Lithuania,LTU,2019,0
Lithuania,LTU,2020,0
Lithuania,LTU,2021,0
Lithuania,LTU,2022,0
Lithuania,LTU,2023,0
Low Income Food Deficit Countries (FAO),NA,2015,24766252
Low Income Food Deficit Countries (FAO),NA,2016,27836428
Low Income Food Deficit Countries (FAO),NA,2017,26396212
Low Income Food Deficit Countries (FAO),NA,2018,29014274
Low Income Food Deficit Countries (FAO),NA,2019,30150492
Low Income Food Deficit Countries (FAO),NA,2020,31617720
Low Income Food Deficit Countries (FAO),NA,2021,32504316
Low Income Food Deficit Countries (FAO),NA,2022,33451490
Low Income Food Deficit Countries (FAO),NA,2023,33800200
Low-income countries,NA,2015,12669991
Low-income countries,NA,2016,14046315
Low-income countries,NA,2017,13499873
Low-income countries,NA,2018,14263654
Low-income countries,NA,2019,15349183
Low-income countries,NA,2020,15411051
Low-income countries,NA,2021,16483699
Low-income countries,NA,2022,16607626
Low-income countries,NA,2023,16722189
Lower-middle-income countries,NA,2015,354907870
Lower-middle-income countries,NA,2016,360992670
Lower-middle-income countries,NA,2017,368798750
Lower-middle-income countries,NA,2018,379356160
Lower-middle-income countries,NA,2019,383730300
Lower-middle-income countries,NA,2020,394523400
Lower-middle-income countries,NA,2021,408896700
Lower-middle-income countries,NA,2022,414354340
Lower-middle-income countries,NA,2023,426675360
Luxembourg,LUX,2018,0
Luxembourg,LUX,2019,0
Luxembourg,LUX,2020,0
Luxembourg,LUX,2021,0
Luxembourg,LUX,2022,0
Luxembourg,LUX,2023,0
Madagascar,MDG,2015,3722304
Madagascar,MDG,2016,3815849
Madagascar,MDG,2017,3600500
Madagascar,MDG,2018,4030000
Madagascar,MDG,2019,3910629
Madagascar,MDG,2020,4227927
Madagascar,MDG,2021,4570673
Madagascar,MDG,2022,4873948
Madagascar,MDG,2023,5117636
Malawi,MWI,2015,111437
Malawi,MWI,2016,83757
Malawi,MWI,2017,121079
Malawi,MWI,2018,112313
Malawi,MWI,2019,132728
Malawi,MWI,2020,145445.5
Malawi,MWI,2021,155000
Malawi,MWI,2022,147000
Malawi,MWI,2023,124300
Malaysia,MYS,2015,2741404
Malaysia,MYS,2016,2739606
Malaysia,MYS,2017,2570513
Malaysia,MYS,2018,2639202
Malaysia,MYS,2019,2352870
Malaysia,MYS,2020,2356392
Malaysia,MYS,2021,2441597
Malaysia,MYS,2022,2281736
Malaysia,MYS,2023,2166738
Mali,MLI,2015,2331053
Mali,MLI,2016,2780905
Mali,MLI,2017,2707557
Mali,MLI,2018,3167527.5
Mali,MLI,2019,3196336
Mali,MLI,2020,3010027
Mali,MLI,2021,2420245
Mali,MLI,2022,2864723
Mali,MLI,2023,3023891
Malta,MLT,2018,0
Malta,MLT,2019,0
Malta,MLT,2020,0
Malta,MLT,2021,0
Malta,MLT,2022,0
Malta,MLT,2023,0
Mauritania,MRT,2015,223000
Mauritania,MRT,2016,207000
Mauritania,MRT,2017,301000
Mauritania,MRT,2018,322600
Mauritania,MRT,2019,255500
Mauritania,MRT,2020,291300
Mauritania,MRT,2021,428400
Mauritania,MRT,2022,403000
Mauritania,MRT,2023,458200
Mauritius,MUS,2015,657
Mauritius,MUS,2016,352
Mauritius,MUS,2017,160
Mauritius,MUS,2018,19
Mauritius,MUS,2019,21
Mauritius,MUS,2020,0
Mauritius,MUS,2021,0
Mauritius,MUS,2022,0
Mauritius,MUS,2023,0
Melanesia,OWID_MNS,2015,9914.87
Melanesia,OWID_MNS,2016,12245.62
Melanesia,OWID_MNS,2017,12686.65
Melanesia,OWID_MNS,2018,10666.1
Melanesia,OWID_MNS,2019,10207.27
Melanesia,OWID_MNS,2020,12481.49
Melanesia,OWID_MNS,2021,13989.21
Melanesia,OWID_MNS,2022,16620.53
Melanesia,OWID_MNS,2023,10803.02
Mexico,MEX,2015,236017.92
Mexico,MEX,2016,254043.31
Mexico,MEX,2017,265567.3
Mexico,MEX,2018,283763.38
Mexico,MEX,2019,245217.4
Mexico,MEX,2020,295337.84
Mexico,MEX,2021,257041.44
Mexico,MEX,2022,246317.45
Mexico,MEX,2023,252099.88
Micronesia (FAO),NA,2015,169.72
Micronesia (FAO),NA,2016,173.88
Micronesia (FAO),NA,2017,177.4
Micronesia (FAO),NA,2018,180.89
Micronesia (FAO),NA,2019,183.82
Micronesia (FAO),NA,2020,180.7
Micronesia (FAO),NA,2021,181.8
Micronesia (FAO),NA,2022,182.11
Micronesia (FAO),NA,2023,181.54
Micronesia (country),FSM,2015,169.72
Micronesia (country),FSM,2016,173.88
Micronesia (country),FSM,2017,177.4
Micronesia (country),FSM,2018,180.89
Micronesia (country),FSM,2019,183.82
Micronesia (country),FSM,2020,180.7
Micronesia (country),FSM,2021,181.8
Micronesia (country),FSM,2022,182.11
Micronesia (country),FSM,2023,181.54
Middle Africa (FAO),NA,2015,1601982
Middle Africa (FAO),NA,2016,1704640.4
Middle Africa (FAO),NA,2017,1787588.2
Middle Africa (FAO),NA,2018,1898472.4
Middle Africa (FAO),NA,2019,1987762.2
Middle Africa (FAO),NA,2020,2106970.8
Middle Africa (FAO),NA,2021,2202083.2
Middle Africa (FAO),NA,2022,2332454
Middle Africa (FAO),NA,2023,2490617.2
Morocco,MAR,2015,63297.5
Morocco,MAR,2016,53353.8
Morocco,MAR,2017,57697.5
Morocco,MAR,2018,63037.1
Morocco,MAR,2019,64598.1
Morocco,MAR,2020,65700
Morocco,MAR,2021,50900.7
Morocco,MAR,2022,49110
Morocco,MAR,2023,56222
Mozambique,MOZ,2015,126883
Mozambique,MOZ,2016,160667
Mozambique,MOZ,2017,176452
Mozambique,MOZ,2018,170129
Mozambique,MOZ,2019,179836
Mozambique,MOZ,2020,175322
Mozambique,MOZ,2021,207821
Mozambique,MOZ,2022,245792
Mozambique,MOZ,2023,161920
Myanmar,MMR,2015,26630700
Myanmar,MMR,2016,26085100
Myanmar,MMR,2017,26035800
Myanmar,MMR,2018,28016100
Myanmar,MMR,2019,26691400
Myanmar,MMR,2020,26399600
Myanmar,MMR,2021,27438300
Myanmar,MMR,2022,27983100
Myanmar,MMR,2023,25650000
Nepal,NPL,2015,4299079
Nepal,NPL,2016,5230327
Nepal,NPL,2017,5151925
Nepal,NPL,2018,5610011
Nepal,NPL,2019,5550878
Nepal,NPL,2020,5621710
Nepal,NPL,2021,5130625
Nepal,NPL,2022,5486500
Nepal,NPL,2023,5724200
Net Food Importing Developing Countries (FAO),NA,2015,141095250
Net Food Importing Developing Countries (FAO),NA,2016,142126500
Net Food Importing Developing Countries (FAO),NA,2017,143513900
Net Food Importing Developing Countries (FAO),NA,2018,148373360
Net Food Importing Developing Countries (FAO),NA,2019,149531060
Net Food Importing Developing Countries (FAO),NA,2020,153745660
Net Food Importing Developing Countries (FAO),NA,2021,159408620
Net Food Importing Developing Countries (FAO),NA,2022,156496900
Net Food Importing Developing Countries (FAO),NA,2023,164057400
Netherlands,NLD,2018,0
Netherlands,NLD,2019,0
Netherlands,NLD,2020,0
Netherlands,NLD,2021,0
Netherlands,NLD,2022,0
Netherlands,NLD,2023,0
Nicaragua,NIC,2015,365096.47
Nicaragua,NIC,2016,418078.7
Nicaragua,NIC,2017,422611.75
Nicaragua,NIC,2018,438079
Nicaragua,NIC,2019,468319
Nicaragua,NIC,2020,476992
Nicaragua,NIC,2021,492028.5
Nicaragua,NIC,2022,504391.34
Nicaragua,NIC,2023,498969.1
Niger,NER,2015,90831
Niger,NER,2016,104392
Niger,NER,2017,112632
Niger,NER,2018,101606.56
Niger,NER,2019,121760.37
Niger,NER,2020,115000
Niger,NER,2021,134000
Niger,NER,2022,144000
Niger,NER,2023,142600
Nigeria,NGA,2015,7573400
Nigeria,NGA,2016,7812200
Nigeria,NGA,2017,7835100
Nigeria,NGA,2018,8403300
Nigeria,NGA,2019,8435510
Nigeria,NGA,2020,8171800
Nigeria,NGA,2021,8342000
Nigeria,NGA,2022,8502000
Nigeria,NGA,2023,8902200
North America,NA,2015,11333608
North America,NA,2016,13056105
North America,NA,2017,10872917
North America,NA,2018,13125653
North America,NA,2019,11259583
North America,NA,2020,13111625
North America,NA,2021,11474790
North America,NA,2022,9982639
North America,NA,2023,12496556
North Korea,PRK,2015,1946000
North Korea,PRK,2016,2536419.2
North Korea,PRK,2017,2383276.5
North Korea,PRK,2018,2087622.8
North Korea,PRK,2019,2803713.2
North Korea,PRK,2020,2113018.5
North Korea,PRK,2021,2100000
North Korea,PRK,2022,1992213.1
North Korea,PRK,2023,1775787.9
North Macedonia,MKD,2015,30527
North Macedonia,MKD,2016,24792
North Macedonia,MKD,2017,17080
North Macedonia,MKD,2018,19732
North Macedonia,MKD,2019,21278
North Macedonia,MKD,2020,19518
North Macedonia,MKD,2021,18962
North Macedonia,MKD,2022,18981
North Macedonia,MKD,2023,19997
Northern Africa (FAO),NA,2015,4929542
Northern Africa (FAO),NA,2016,5404533.5
Northern Africa (FAO),NA,2017,5066675.5
Northern Africa (FAO),NA,2018,3232046.2
Northern Africa (FAO),NA,2019,4917202
Northern Africa (FAO),NA,2020,4921208.5
Northern Africa (FAO),NA,2021,4328100.5
Northern Africa (FAO),NA,2022,4377995.5
Northern Africa (FAO),NA,2023,5678409.5
Northern America (FAO),NA,2015,8724530
Northern America (FAO),NA,2016,10167050
Northern America (FAO),NA,2017,8084290
Northern America (FAO),NA,2018,10152890
Northern America (FAO),NA,2019,8396180
Northern America (FAO),NA,2020,10319860
Northern America (FAO),NA,2021,8665970
Northern America (FAO),NA,2022,7259340
Northern America (FAO),NA,2023,9901510
Northern Europe (FAO),NA,2018,0
Northern Europe (FAO),NA,2019,0
Northern Europe (FAO),NA,2020,0
Northern Europe (FAO),NA,2021,0
Northern Europe (FAO),NA,2022,0
Northern Europe (FAO),NA,2023,0
Oceania,NA,2015,700474.56
Oceania,NA,2016,286361.5
Oceania,NA,2017,820168.5
Oceania,NA,2018,645960
Oceania,NA,2019,77226.44
Oceania,NA,2020,62888.52
Oceania,NA,2021,437148.53
Oceania,NA,2022,708247.1
Oceania,NA,2023,507617.56
Oceania (FAO),NA,2015,700474.56
Oceania (FAO),NA,2016,286361.5
Oceania (FAO),NA,2017,820168.5
Oceania (FAO),NA,2018,645960
Oceania (FAO),NA,2019,77226.43
Oceania (FAO),NA,2020,62888.52
Oceania (FAO),NA,2021,437148.56
Oceania (FAO),NA,2022,708247.1
Oceania (FAO),NA,2023,507617.56
Pakistan,PAK,2015,10201840
Pakistan,PAK,2016,10273968
Pakistan,PAK,2017,11174816
Pakistan,PAK,2018,10798000
Pakistan,PAK,2019,11120483
Pakistan,PAK,2020,12629514
Pakistan,PAK,2021,13984009
Pakistan,PAK,2022,10983081
Pakistan,PAK,2023,14803800
Panama,PAN,2015,281980
Panama,PAN,2016,321520
Panama,PAN,2017,316403
Panama,PAN,2018,350195
Panama,PAN,2019,372245
Panama,PAN,2020,391600
Panama,PAN,2021,406370
Panama,PAN,2022,432925
Panama,PAN,2023,436135
Papua New Guinea,PNG,2015,847.77
Papua New Guinea,PNG,2016,856.69
Papua New Guinea,PNG,2017,859.04
Papua New Guinea,PNG,2018,860.56
Papua New Guinea,PNG,2019,859.76
Papua New Guinea,PNG,2020,880.09
Papua New Guinea,PNG,2021,878.53
Papua New Guinea,PNG,2022,881.78
Papua New Guinea,PNG,2023,885.01
Paraguay,PRY,2015,857771
Paraguay,PRY,2016,858000
Paraguay,PRY,2017,924000
Paraguay,PRY,2018,894600
Paraguay,PRY,2019,1069200
Paraguay,PRY,2020,1187768
Paraguay,PRY,2021,1180600
Paraguay,PRY,2022,975069
Paraguay,PRY,2023,978450
Peru,PER,2015,3151408
Peru,PER,2016,3190969.5
Peru,PER,2017,3115544
Peru,PER,2018,3557900
Peru,PER,2019,3190969.5
Peru,PER,2020,3434199
Peru,PER,2021,3538443.5
Peru,PER,2022,3439013.5
Peru,PER,2023,3367614.2
Philippines,PHL,2015,18149838
Philippines,PHL,2016,17627244
Philippines,PHL,2017,19276346
Philippines,PHL,2018,19066094
Philippines,PHL,2019,18814828
Philippines,PHL,2020,19294856
Philippines,PHL,2021,19960170
Philippines,PHL,2022,19756392
Philippines,PHL,2023,20059562
Poland,POL,2018,0
Poland,POL,2019,0
Poland,POL,2020,0
Poland,POL,2021,0
Poland,POL,2022,0
Poland,POL,2023,0
Portugal,PRT,2015,184918
Portugal,PRT,2016,169289
Portugal,PRT,2017,179777
Portugal,PRT,2018,160790
Portugal,PRT,2019,161500
Portugal,PRT,2020,132790
Portugal,PRT,2021,175900
Portugal,PRT,2022,155570
Portugal,PRT,2023,178830
Puerto Rico,PRI,2015,292.75
Puerto Rico,PRI,2016,607.34
Puerto Rico,PRI,2017,956.67
Puerto Rico,PRI,2018,1387.49
Puerto Rico,PRI,2019,1835.18
Puerto Rico,PRI,2020,2285.62
Puerto Rico,PRI,2021,2733.42
Puerto Rico,PRI,2022,3181
Puerto Rico,PRI,2023,3628.38
Romania,ROU,2015,49773
Romania,ROU,2016,43635
Romania,ROU,2017,43311
Romania,ROU,2018,42860
Romania,ROU,2019,39530
Romania,ROU,2020,24670
Romania,ROU,2021,14980
Romania,ROU,2022,16900
Romania,ROU,2023,12070
Russia,RUS,2015,1109762
Russia,RUS,2016,1080886.2
Russia,RUS,2017,986619.6
Russia,RUS,2018,1038222
Russia,RUS,2019,1098659.8
Russia,RUS,2020,1141818.9
Russia,RUS,2021,1076411.5
Russia,RUS,2022,920094.5
Russia,RUS,2023,1065700
Rwanda,RWA,2015,97435
Rwanda,RWA,2016,110544.42
Rwanda,RWA,2017,108958.15
Rwanda,RWA,2018,113880.46
Rwanda,RWA,2019,131576.89
Rwanda,RWA,2020,116504.47
Rwanda,RWA,2021,131758
Rwanda,RWA,2022,135074.73
Rwanda,RWA,2023,133628.02
Saudi Arabia,SAU,2015,0
Saudi Arabia,SAU,2016,0
Saudi Arabia,SAU,2017,12
Saudi Arabia,SAU,2018,18
Saudi Arabia,SAU,2019,400
Saudi Arabia,SAU,2020,787
Saudi Arabia,SAU,2021,814
Saudi Arabia,SAU,2022,815
Saudi Arabia,SAU,2023,816.48
Senegal,SEN,2015,906348
Senegal,SEN,2016,950779
Senegal,SEN,2017,1011269
Senegal,SEN,2018,1206587.2
Senegal,SEN,2019,1155730.2
Senegal,SEN,2020,1349723
Senegal,SEN,2021,1382119.9
Senegal,SEN,2022,1409120
Senegal,SEN,2023,1519700
Sierra Leone,SLE,2015,871693
Sierra Leone,SLE,2016,875304
Sierra Leone,SLE,2017,897087
Sierra Leone,SLE,2018,918713
Sierra Leone,SLE,2019,947464
Sierra Leone,SLE,2020,1049795
Sierra Leone,SLE,2021,1978905.1
Sierra Leone,SLE,2022,1397000
Sierra Leone,SLE,2023,1399500
Slovakia,SVK,2018,0
Slovakia,SVK,2019,0
Slovakia,SVK,2020,0
Slovakia,SVK,2021,0
Slovakia,SVK,2022,0
Slovakia,SVK,2023,0
Slovenia,SVN,2018,0
Slovenia,SVN,2019,0
Slovenia,SVN,2020,0
Slovenia,SVN,2021,0
Slovenia,SVN,2022,0
Slovenia,SVN,2023,0
Small Island Developing States (FAO),NA,2015,2968051.5
Small Island Developing States (FAO),NA,2016,2920586.2
Small Island Developing States (FAO),NA,2017,3009089.2
Small Island Developing States (FAO),NA,2018,3087900.2
Small Island Developing States (FAO),NA,2019,3083109.2
Small Island Developing States (FAO),NA,2020,2945845
Small Island Developing States (FAO),NA,2021,2802551.5
Small Island Developing States (FAO),NA,2022,2771940.8
Small Island Developing States (FAO),NA,2023,2753222
Solomon Islands,SLB,2015,2738.1
Solomon Islands,SLB,2016,2739.92
Solomon Islands,SLB,2017,2746.61
Solomon Islands,SLB,2018,2754.54
Solomon Islands,SLB,2019,2758.36
Solomon Islands,SLB,2020,2754.44
Solomon Islands,SLB,2021,2742.92
Solomon Islands,SLB,2022,2747.77
Solomon Islands,SLB,2023,2752.61
Somalia,SOM,2015,2450
Somalia,SOM,2016,1375
Somalia,SOM,2017,1473.51
Somalia,SOM,2018,1766.17
Somalia,SOM,2019,2002.59
Somalia,SOM,2020,2007.83
Somalia,SOM,2021,2000
Somalia,SOM,2022,2000
Somalia,SOM,2023,2000
South Africa,ZAF,2015,3074.24
South Africa,ZAF,2016,3077.21
South Africa,ZAF,2017,3079.22
South Africa,ZAF,2018,3079.93
South Africa,ZAF,2019,3079.96
South Africa,ZAF,2020,3080.66
South Africa,ZAF,2021,3080.84
South Africa,ZAF,2022,3081.46
South Africa,ZAF,2023,3082.07
South America,NA,2015,25503342
South America,NA,2016,23437118
South America,NA,2017,25729694
South America,NA,2018,25013044
South America,NA,2019,23156134
South America,NA,2020,24924880
South America,NA,2021,25866252
South America,NA,2022,24224050
South America,NA,2023,24215038
South America (FAO),NA,2015,25503342
South America (FAO),NA,2016,23437118
South America (FAO),NA,2017,25729694
South America (FAO),NA,2018,25013044
South America (FAO),NA,2019,23156134
South America (FAO),NA,2020,24924880
South America (FAO),NA,2021,25866252
South America (FAO),NA,2022,24224050
South America (FAO),NA,2023,24215038
South Korea,KOR,2015,5771026
South Korea,KOR,2016,5624607
South Korea,KOR,2017,5285551
South Korea,KOR,2018,5195437
South Korea,KOR,2019,5016083
South Korea,KOR,2020,4713162
South Korea,KOR,2021,5211037
South Korea,KOR,2022,4998223
South Korea,KOR,2023,4897839
South Sudan,SSD,2015,15695
South Sudan,SSD,2016,14073
South Sudan,SSD,2017,13022
South Sudan,SSD,2018,12821
South Sudan,SSD,2019,24555
South Sudan,SSD,2020,26232
South Sudan,SSD,2021,26024
South Sudan,SSD,2022,36515
South Sudan,SSD,2023,33000
South-eastern Asia (FAO),NA,2015,194857330
South-eastern Asia (FAO),NA,2016,189615170
South-eastern Asia (FAO),NA,2017,193419440
South-eastern Asia (FAO),NA,2018,199852400
South-eastern Asia (FAO),NA,2019,189046880
South-eastern Asia (FAO),NA,2020,191708300
South-eastern Asia (FAO),NA,2021,196837310
South-eastern Asia (FAO),NA,2022,196368420
South-eastern Asia (FAO),NA,2023,195247570
Southern Africa (FAO),NA,2015,3976.92
Southern Africa (FAO),NA,2016,3972.43
Southern Africa (FAO),NA,2017,4022.72
Southern Africa (FAO),NA,2018,4079.93
Southern Africa (FAO),NA,2019,4079.96
Southern Africa (FAO),NA,2020,4080.66
Southern Africa (FAO),NA,2021,4080.84
Southern Africa (FAO),NA,2022,4081.46
Southern Africa (FAO),NA,2023,4082.7
Southern Asia (FAO),NA,2015,230769340
Southern Asia (FAO),NA,2016,238452830
Southern Asia (FAO),NA,2017,245783470
Southern Asia (FAO),NA,2018,253160620
Southern Asia (FAO),NA,2019,259188910
Southern Asia (FAO),NA,2020,270091230
Southern Asia (FAO),NA,2021,278541380
Southern Asia (FAO),NA,2022,284937920
Southern Asia (FAO),NA,2023,294618270
Southern Europe (FAO),NA,2015,2844346
Southern Europe (FAO),NA,2016,2894309.2
Southern Europe (FAO),NA,2017,2885480
Southern Europe (FAO),NA,2018,2672182
Southern Europe (FAO),NA,2019,2675108
Southern Europe (FAO),NA,2020,2686438
Southern Europe (FAO),NA,2021,2516692
Southern Europe (FAO),NA,2022,1976681
Southern Europe (FAO),NA,2023,2102007
Spain,ESP,2015,847026
Spain,ESP,2016,835400
Spain,ESP,2017,835178
Spain,ESP,2018,798880
Spain,ESP,2019,778780
Spain,ESP,2020,739230
Spain,ESP,2021,617180
Spain,ESP,2022,350420
Spain,ESP,2023,334100
Sri Lanka,LKA,2015,4819000
Sri Lanka,LKA,2016,4420085
Sri Lanka,LKA,2017,2383153
Sri Lanka,LKA,2018,3929831
Sri Lanka,LKA,2019,4592056
Sri Lanka,LKA,2020,5120924
Sri Lanka,LKA,2021,5149596
Sri Lanka,LKA,2022,3392905
Sri Lanka,LKA,2023,4513431
Sudan,SDN,2015,48000
Sudan,SDN,2016,42000
Sudan,SDN,2017,48000
Sudan,SDN,2018,45000
Sudan,SDN,2019,48000
Sudan,SDN,2020,51200
Sudan,SDN,2021,35000
Sudan,SDN,2022,28000
Sudan,SDN,2023,21880
Suriname,SUR,2015,268447.06
Suriname,SUR,2016,278077
Suriname,SUR,2017,289431
Suriname,SUR,2018,273916
Suriname,SUR,2019,274266
Suriname,SUR,2020,249836
Suriname,SUR,2021,263749
Suriname,SUR,2022,184235
Suriname,SUR,2023,203155.94
Sweden,SWE,2018,0
Sweden,SWE,2019,0
Sweden,SWE,2020,0
Sweden,SWE,2021,0
Sweden,SWE,2022,0
Sweden,SWE,2023,0
Taiwan,TWN,2015,1581732
Taiwan,TWN,2016,1587776
Taiwan,TWN,2017,1754049
Taiwan,TWN,2018,1949796
Taiwan,TWN,2019,1791211
Taiwan,TWN,2020,1750729
Taiwan,TWN,2021,1560870
Taiwan,TWN,2022,1576000
Taiwan,TWN,2023,1461000
Tajikistan,TJK,2015,85807
Tajikistan,TJK,2016,96476.1
Tajikistan,TJK,2017,97763
Tajikistan,TJK,2018,90446
Tajikistan,TJK,2019,106441.7
Tajikistan,TJK,2020,99000
Tajikistan,TJK,2021,141700
Tajikistan,TJK,2022,142000
Tajikistan,TJK,2023,134484.66
Tanzania,TZA,2015,2979900
Tanzania,TZA,2016,3429000
Tanzania,TZA,2017,2451707
Tanzania,TZA,2018,3414815
Tanzania,TZA,2019,3474766
Tanzania,TZA,2020,4527500
Tanzania,TZA,2021,4045400
Tanzania,TZA,2022,4135400
Tanzania,TZA,2023,3588000
Thailand,THA,2015,27702192
Thailand,THA,2016,31857000
Thailand,THA,2017,32898904
Thailand,THA,2018,32348114
Thailand,THA,2019,28617948
Thailand,THA,2020,31734268
Thailand,THA,2021,32977776
Thailand,THA,2022,33629504
Thailand,THA,2023,33070956
Togo,TGO,2015,140952
Togo,TGO,2016,137106
Togo,TGO,2017,140519
Togo,TGO,2018,145489
Togo,TGO,2019,147053
Togo,TGO,2020,159852
Togo,TGO,2021,165541
Togo,TGO,2022,169608
Togo,TGO,2023,183100
Trinidad and Tobago,TTO,2015,1900
Trinidad and Tobago,TTO,2016,1823
Trinidad and Tobago,TTO,2017,1620
Trinidad and Tobago,TTO,2018,586
Trinidad and Tobago,TTO,2019,575
Trinidad and Tobago,TTO,2020,734
Trinidad and Tobago,TTO,2021,351.1
Trinidad and Tobago,TTO,2022,125
Trinidad and Tobago,TTO,2023,326
Turkey,TUR,2015,920000
Turkey,TUR,2016,920000
Turkey,TUR,2017,900000
Turkey,TUR,2018,940000
Turkey,TUR,2019,1000000
Turkey,TUR,2020,980000
Turkey,TUR,2021,1000000
Turkey,TUR,2022,950000
Turkey,TUR,2023,900000
Turkmenistan,TKM,2015,130000
Turkmenistan,TKM,2016,84288.72
Turkmenistan,TKM,2017,79644.01
Turkmenistan,TKM,2018,79838.3
Turkmenistan,TKM,2019,85069.7
Turkmenistan,TKM,2020,86234.1
Turkmenistan,TKM,2021,86213.62
Turkmenistan,TKM,2022,86285
Turkmenistan,TKM,2023,86616.7
Uganda,UGA,2015,238193
Uganda,UGA,2016,214910
Uganda,UGA,2017,188674
Uganda,UGA,2018,199266
Uganda,UGA,2019,167000
Uganda,UGA,2020,275000
Uganda,UGA,2021,327900
Uganda,UGA,2022,347000
Uganda,UGA,2023,260000
Ukraine,UKR,2015,62510
Ukraine,UKR,2016,64700
Ukraine,UKR,2017,63940
Ukraine,UKR,2018,69210
Ukraine,UKR,2019,54570
Ukraine,UKR,2020,60680
Ukraine,UKR,2021,49480
Ukraine,UKR,2022,3090
Ukraine,UKR,2023,11080
United States,USA,2015,8724530
United States,USA,2016,10167050
United States,USA,2017,8084290
United States,USA,2018,10152890
United States,USA,2019,8396180
United States,USA,2020,10319860
United States,USA,2021,8665970
United States,USA,2022,7259340
United States,USA,2023,9901510
Upper-middle-income countries,NA,2015,331574530
Upper-middle-income countries,NA,2016,326816770
Upper-middle-income countries,NA,2017,332849470
Upper-middle-income countries,NA,2018,334904000
Upper-middle-income countries,NA,2019,323682340
Upper-middle-income countries,NA,2020,330910140
Upper-middle-income countries,NA,2021,332365500
Upper-middle-income countries,NA,2022,326978940
Upper-middle-income countries,NA,2023,323410780
Uruguay,URY,2015,1396100
Uruguay,URY,2016,1304672
Uruguay,URY,2017,1409582
Uruguay,URY,2018,1247000
Uruguay,URY,2019,1200000
Uruguay,URY,2020,1209000
Uruguay,URY,2021,1309000
Uruguay,URY,2022,1397900
Uruguay,URY,2023,1372700
Uzbekistan,UZB,2015,425745
Uzbekistan,UZB,2016,451981
Uzbekistan,UZB,2017,395422
Uzbekistan,UZB,2018,221089
Uzbekistan,UZB,2019,314659
Uzbekistan,UZB,2020,293451
Uzbekistan,UZB,2021,334226
Uzbekistan,UZB,2022,359147.06
Uzbekistan,UZB,2023,355674.5
Venezuela,VEN,2015,802015
Venezuela,VEN,2016,498469.4
Venezuela,VEN,2017,588587
Venezuela,VEN,2018,490583
Venezuela,VEN,2019,516752
Venezuela,VEN,2020,704531
Venezuela,VEN,2021,717000
Venezuela,VEN,2022,729000
Venezuela,VEN,2023,722370.06
Vietnam,VNM,2015,45090560
Vietnam,VNM,2016,43112010
Vietnam,VNM,2017,42763684
Vietnam,VNM,2018,44046250
Vietnam,VNM,2019,43495490
Vietnam,VNM,2020,42765000
Vietnam,VNM,2021,43852730
Vietnam,VNM,2022,42660800
Vietnam,VNM,2023,43497624
Western Africa (FAO),NA,2015,18044582
Western Africa (FAO),NA,2016,18982904
Western Africa (FAO),NA,2017,19091930
Western Africa (FAO),NA,2018,20653516
Western Africa (FAO),NA,2019,20732148
Western Africa (FAO),NA,2020,20441124
Western Africa (FAO),NA,2021,21973482
Western Africa (FAO),NA,2022,22554658
Western Africa (FAO),NA,2023,24173072
Western Asia (FAO),NA,2015,1032043
Western Asia (FAO),NA,2016,1106726
Western Asia (FAO),NA,2017,1181779.8
Western Asia (FAO),NA,2018,970188.6
Western Asia (FAO),NA,2019,1586175
Western Asia (FAO),NA,2020,1454343.2
Western Asia (FAO),NA,2021,1433339.2
Western Asia (FAO),NA,2022,973167.4
Western Asia (FAO),NA,2023,927391
Western Europe (FAO),NA,2015,80858.2
Western Europe (FAO),NA,2016,80297
Western Europe (FAO),NA,2017,92544
Western Europe (FAO),NA,2018,71430
Western Europe (FAO),NA,2019,82570
Western Europe (FAO),NA,2020,75460
Western Europe (FAO),NA,2021,62340
Western Europe (FAO),NA,2022,64480
Western Europe (FAO),NA,2023,68270
World,OWID_WRL,2015,734077100
World,OWID_WRL,2016,737424600
World,OWID_WRL,2017,748899000
World,OWID_WRL,2018,763880200
World,OWID_WRL,2019,755487940
World,OWID_WRL,2020,775114200
World,OWID_WRL,2021,790822500
World,OWID_WRL,2022,788933600
World,OWID_WRL,2023,799999500
Zambia,ZMB,2015,25514
Zambia,ZMB,2016,26675
Zambia,ZMB,2017,38422.9
Zambia,ZMB,2018,43063.11
Zambia,ZMB,2019,29584.32
Zambia,ZMB,2020,34629.66
Zambia,ZMB,2021,65875.83
Zambia,ZMB,2022,62279.91
Zambia,ZMB,2023,62679.81
Zimbabwe,ZWE,2015,1418
Zimbabwe,ZWE,2016,1295.99
Zimbabwe,ZWE,2017,1326.9
Zimbabwe,ZWE,2018,1363.32
Zimbabwe,ZWE,2019,1134
Zimbabwe,ZWE,2020,192
Zimbabwe,ZWE,2021,2908
Zimbabwe,ZWE,2022,539
Zimbabwe,ZWE,2023,73.5
