flagCode,country,Year,TotalConsumption,ConsumptionPerCapita,CountryYear
CN,China,2022,190936000,133.91,China-2022
CN,China,2021,183995000,129.04,China-2021
CN,China,2020,188138000,132.03,China-2020
CN,China,2019,184464000,129.73,China-2019
IN,India,2022,140276000,98.98,India-2022
IN,India,2021,147488000,104.78,India-2021
IN,India,2020,146518000,104.93,India-2020
IN,India,2019,140616000,101.67,India-2019
ID,Indonesia,2022,51028000,185.22,Indonesia-2022
ID,Indonesia,2021,50148000,183.19,Indonesia-2021
ID,Indonesia,2020,52008000,191.31,Indonesia-2020
ID,Indonesia,2019,48734000,180.77,Indonesia-2019
BD,Bangladesh,2022,42258000,246.85,Bangladesh-2022
BD,Bangladesh,2021,44257000,261.32,Bangladesh-2021
BD,Bangladesh,2020,43593000,260.38,Bangladesh-2020
BD,Bangladesh,2019,42765000,258.37,Bangladesh-2019
PH,Philippines,2022,22474000,194.48,Philippines-2022
PH,Philippines,2021,21657000,190.18,Philippines-2021
PH,Philippines,2020,21122000,188.27,Philippines-2020
PH,Philippines,2019,21158000,191.68,Philippines-2019
VN,Vietnam,2022,22399000,228.13,Vietnam-2022
VN,Vietnam,2021,22612000,231.99,Vietnam-2021
VN,Vietnam,2020,23034000,238.33,Vietnam-2020
VN,Vietnam,2019,22415000,234.03,Vietnam-2019
MM,Myanmar,2022,15115000,278.97,Myanmar-2022
MM,Myanmar,2021,14457000,268.74,Myanmar-2021
MM,Myanmar,2020,13992000,261.9,Myanmar-2020
MM,Myanmar,2019,10250000,193.25,Myanmar-2019
TH,Thailand,2022,12823000,178.85,Thailand-2022
TH,Thailand,2021,12217000,170.62,Thailand-2021
TH,Thailand,2020,11645000,162.92,Thailand-2020
TH,Thailand,2019,11336000,158.98,Thailand-2019
JP,Japan,2022,9107000,73.47,Japan-2022
JP,Japan,2021,9257000,74.29,Japan-2021
JP,Japan,2020,9178000,73.28,Japan-2020
JP,Japan,2019,9590000,76.24,Japan-2019
BR,Brazil,2022,7936000,36.86,Brazil-2022
BR,Brazil,2021,8537000,39.83,Brazil-2021
BR,Brazil,2020,8031000,37.67,Brazil-2020
BR,Brazil,2019,7701000,36.36,Brazil-2019
NG,Nigeria,2022,7211000,33,Nigeria-2022
NG,Nigeria,2021,7118000,33.35,Nigeria-2021
NG,Nigeria,2020,6986000,33.54,Nigeria-2020
NG,Nigeria,2019,8143000,40.05,Nigeria-2019
EG,Egypt,2022,5484000,49.41,Egypt-2022
EG,Egypt,2021,5171000,47.32,Egypt-2021
EG,Egypt,2020,5024000,46.75,Egypt-2020
EG,Egypt,2019,4615000,43.7,Egypt-2019
MG,Madagascar,2022,4545000,153.48,Madagascar-2022
MG,Madagascar,2021,4149000,143.49,Madagascar-2021
MG,Madagascar,2020,3922000,138.94,Madagascar-2020
MG,Madagascar,2019,3897000,141.54,Madagascar-2019
KR,South Korea,2022,4312000,83.22,South Korea-2022
KR,South Korea,2021,4223000,81.47,South Korea-2021
KR,South Korea,2020,4352000,83.95,South Korea-2020
KR,South Korea,2019,4360000,84.17,South Korea-2019
NP,Nepal,2022,4263000,139.54,Nepal-2022
NP,Nepal,2021,4077000,135.74,Nepal-2021
NP,Nepal,2020,3923000,133.67,Nepal-2020
NP,Nepal,2019,3921000,136.01,Nepal-2019
LK,Sri Lanka,2022,4216000,193.12,Sri Lanka-2022
LK,Sri Lanka,2021,4146000,191.1,Sri Lanka-2021
LK,Sri Lanka,2020,4159000,191.54,Sri Lanka-2020
LK,Sri Lanka,2019,4243000,196,Sri Lanka-2019
PK,Pakistan,2022,4185000,17.74,Pakistan-2022
PK,Pakistan,2021,4488000,19.4,Pakistan-2021
PK,Pakistan,2020,4351000,19.15,Pakistan-2020
PK,Pakistan,2019,4272000,19.13,Pakistan-2019
KH,Cambodia,2022,4151000,247.54,Cambodia-2022
KH,Cambodia,2021,4277000,257.84,Cambodia-2021
KH,Cambodia,2020,4209000,256.69,Cambodia-2020
KH,Cambodia,2019,4149000,255.99,Cambodia-2019
MY,Malaysia,2022,4096000,120.68,Malaysia-2022
MY,Malaysia,2021,4058000,120.87,Malaysia-2021
MY,Malaysia,2020,3999000,120.45,Malaysia-2020
MY,Malaysia,2019,3814000,116.25,Malaysia-2019
US,United States of America,2022,3944000,11.66,United States of America-2022
US,United States of America,2021,3925000,11.65,United States of America-2021
US,United States of America,2020,3821000,11.37,United States of America-2020
US,United States of America,2019,3642000,10.89,United States of America-2019
CI,Côte d'Ivoire,2022,3196000,113.51,Côte d'Ivoire-2022
CI,Côte d'Ivoire,2021,3252000,118.36,Côte d'Ivoire-2021
CI,Côte d'Ivoire,2020,3005000,112.08,Côte d'Ivoire-2020
CI,Côte d'Ivoire,2019,3082000,117.87,Côte d'Ivoire-2019
IR,Iran,2022,3060000,34.55,Iran-2022
IR,Iran,2021,3310000,37.65,Iran-2021
IR,Iran,2020,3425000,39.23,Iran-2020
IR,Iran,2019,3341000,38.59,Iran-2019
TZ,Tanzania,2022,2518000,38.45,Tanzania-2022
TZ,Tanzania,2021,2091000,32.89,Tanzania-2021
TZ,Tanzania,2020,2299000,37.26,Tanzania-2020
TZ,Tanzania,2019,2259000,37.73,Tanzania-2019
IQ,Iraq,2022,2400000,62.89,Iraq-2022
IQ,Iraq,2021,2181000,58.4,Iraq-2021
IQ,Iraq,2020,2147000,58.81,Iraq-2020
IQ,Iraq,2019,2101000,58.94,Iraq-2019
PE,Peru,2022,2371000,69.64,Peru-2022
PE,Peru,2021,2344000,69.53,Peru-2021
PE,Peru,2020,2408000,72.3,Peru-2020
PE,Peru,2019,2452000,74.69,Peru-2019
CO,Colombia,2022,2315000,44.63,Colombia-2022
CO,Colombia,2021,2923000,56.73,Colombia-2021
CO,Colombia,2020,2851000,55.99,Colombia-2020
CO,Colombia,2019,2684000,53.48,Colombia-2019
GN,Guinea,2022,2239000,161.56,Guinea-2022
GN,Guinea,2021,2375000,175.48,Guinea-2021
GN,Guinea,2020,2155000,163.17,Guinea-2020
GN,Guinea,2019,1977000,153.56,Guinea-2019
SN,Senegal,2022,2135000,123.3,Senegal-2022
SN,Senegal,2021,2017000,119.49,Senegal-2021
SN,Senegal,2020,1817000,110.55,Senegal-2020
SN,Senegal,2019,1849000,115.57,Senegal-2019
GH,Ghana,2022,2054000,61.37,Ghana-2022
GH,Ghana,2021,1711000,52.12,Ghana-2021
GH,Ghana,2020,2045000,63.54,Ghana-2020
GH,Ghana,2019,2003000,63.55,Ghana-2019
CU,Cuba,2022,1878000,167.53,Cuba-2022
CU,Cuba,2021,1764000,156.75,Cuba-2021
CU,Cuba,2020,1717000,151.98,Cuba-2020
CU,Cuba,2019,1708000,150.9,Cuba-2019
CD,Dem. Rep. Congo,2022,1856000,18.74,Dem. Rep. Congo-2022
CD,Dem. Rep. Congo,2021,1531000,15.96,Dem. Rep. Congo-2021
CD,Dem. Rep. Congo,2020,1561000,16.82,Dem. Rep. Congo-2020
CD,Dem. Rep. Congo,2019,1439000,16,Dem. Rep. Congo-2019
SA,Saudi Arabia,2022,1754000,48.17,Saudi Arabia-2022
SA,Saudi Arabia,2021,1933000,53.77,Saudi Arabia-2021
SA,Saudi Arabia,2020,1972000,54.77,Saudi Arabia-2020
SA,Saudi Arabia,2019,1887000,52.66,Saudi Arabia-2019
LA,Laos,2022,1708000,226.86,Laos-2022
LA,Laos,2021,1655000,222.89,Laos-2021
LA,Laos,2020,1633000,223.05,Laos-2020
LA,Laos,2019,1689000,234.24,Laos-2019
ML,Mali,2022,1652000,73.12,Mali-2022
ML,Mali,2021,2072000,94.59,Mali-2021
ML,Mali,2020,1408000,66.34,Mali-2020
ML,Mali,2019,1354000,65.83,Mali-2019
MZ,Mozambique,2022,1548000,46.94,Mozambique-2022
MZ,Mozambique,2021,1338000,41.71,Mozambique-2021
MZ,Mozambique,2020,1282000,41.13,Mozambique-2020
MZ,Mozambique,2019,1181000,39,Mozambique-2019
TW,Taiwan,2022,1489000,62.31,Taiwan-2022
TW,Taiwan,2021,1470000,61.62,Taiwan-2021
TW,Taiwan,2020,1477000,61.99,Taiwan-2020
TW,Taiwan,2019,1641000,69.01,Taiwan-2019
CM,Cameroon,2022,1404000,50.31,Cameroon-2022
CM,Cameroon,2021,1428000,52.5,Cameroon-2021
CM,Cameroon,2020,1015000,38.33,Cameroon-2020
CM,Cameroon,2019,1148000,44.51,Cameroon-2019
SL,Sierra Leone,2022,1391000,161.67,Sierra Leone-2022
SL,Sierra Leone,2021,1373000,163.06,Sierra Leone-2021
SL,Sierra Leone,2020,1378000,167.37,Sierra Leone-2020
SL,Sierra Leone,2019,1217000,151.23,Sierra Leone-2019
TR,Turkey,2022,1327000,15.55,Turkey-2022
TR,Turkey,2021,1132000,13.36,Turkey-2021
TR,Turkey,2020,1416000,16.83,Turkey-2020
TR,Turkey,2019,1440000,17.25,Turkey-2019
VE,Venezuela,2022,1322000,46.7,Venezuela-2022
VE,Venezuela,2021,1562000,55.38,Venezuela-2021
VE,Venezuela,2020,1545000,54.24,Venezuela-2020
VE,Venezuela,2019,1172000,40.47,Venezuela-2019
AF,Afghanistan,2022,1303000,31.67,Afghanistan-2022
AF,Afghanistan,2021,901000,22.48,Afghanistan-2021
AF,Afghanistan,2020,978000,25.08,Afghanistan-2020
AF,Afghanistan,2019,753000,19.93,Afghanistan-2019
KE,Kenya,2022,1297000,24,Kenya-2022
KE,Kenya,2021,1076000,20.29,Kenya-2021
KE,Kenya,2020,1148000,22.08,Kenya-2020
KE,Kenya,2019,1120000,21.99,Kenya-2019
ZA,South Africa,2022,1289000,21.53,South Africa-2022
ZA,South Africa,2021,1278000,21.52,South Africa-2021
ZA,South Africa,2020,1311000,22.29,South Africa-2020
ZA,South Africa,2019,1214000,20.9,South Africa-2019
RU,Russia,2022,1216000,8.4,Russia-2022
RU,Russia,2021,1194000,8.23,Russia-2021
RU,Russia,2020,1160000,7.97,Russia-2020
RU,Russia,2019,1079000,7.4,Russia-2019
ET,Ethiopia,2022,1182000,9.58,Ethiopia-2022
ET,Ethiopia,2021,1404000,11.67,Ethiopia-2021
ET,Ethiopia,2020,1276000,10.89,Ethiopia-2020
ET,Ethiopia,2019,938000,8.22,Ethiopia-2019
NE,Niger,2022,1142000,43.57,Niger-2022
NE,Niger,2021,1630000,64.56,Niger-2021
NE,Niger,2020,880000,36.17,Niger-2020
NE,Niger,2019,869000,37.06,Niger-2019
EC,Ecuador,2022,1127000,62.58,Ecuador-2022
EC,Ecuador,2021,1052000,59.11,Ecuador-2021
EC,Ecuador,2020,985000,56.03,Ecuador-2020
EC,Ecuador,2019,1010000,58.25,Ecuador-2019
BJ,Benin,2022,1119000,83.83,Benin-2022
BJ,Benin,2021,1104000,84.98,Benin-2021
BJ,Benin,2020,1045000,82.64,Benin-2020
BJ,Benin,2019,971000,79,Benin-2019
MX,Mexico,2022,1114000,8.73,Mexico-2022
MX,Mexico,2021,951000,7.51,Mexico-2021
MX,Mexico,2020,1248000,9.91,Mexico-2020
MX,Mexico,2019,1093000,8.73,Mexico-2019
BF,Burkina Faso,2022,1014000,44.72,Burkina Faso-2022
BF,Burkina Faso,2021,860000,38.92,Burkina Faso-2021
BF,Burkina Faso,2020,789000,36.66,Burkina Faso-2020
BF,Burkina Faso,2019,711000,33.93,Burkina Faso-2019
YE,Yemen,2022,969000,28.75,Yemen-2022
YE,Yemen,2021,951000,28.83,Yemen-2021
YE,Yemen,2020,942000,29.18,Yemen-2020
YE,Yemen,2019,946000,29.99,Yemen-2019
GB,United Kingdom,2022,961000,14.24,United Kingdom-2022
GB,United Kingdom,2021,928000,13.79,United Kingdom-2021
GB,United Kingdom,2020,969000,14.45,United Kingdom-2020
GB,United Kingdom,2019,896000,13.42,United Kingdom-2019
UG,Uganda,2022,944000,19.97,Uganda-2022
UG,Uganda,2021,870000,18.96,Uganda-2021
UG,Uganda,2020,678000,15.28,Uganda-2020
UG,Uganda,2019,375000,8.72,Uganda-2019
HT,Haiti,2022,892000,76.99,Haiti-2022
HT,Haiti,2021,897000,78.34,Haiti-2021
HT,Haiti,2020,953000,84.3,Haiti-2020
HT,Haiti,2019,878000,78.65,Haiti-2019
LR,Liberia,2022,879000,165.76,Liberia-2022
LR,Liberia,2021,855000,164.61,Liberia-2021
LR,Liberia,2020,778000,152.93,Liberia-2020
LR,Liberia,2019,723000,144.98,Liberia-2019
DO,Dominican Republic,2022,843000,75.07,Dominican Republic-2022
DO,Dominican Republic,2021,852000,76.65,Dominican Republic-2021
DO,Dominican Republic,2020,814000,74.04,Dominican Republic-2020
DO,Dominican Republic,2019,812000,74.6,Dominican Republic-2019
AO,Angola,2022,719000,20.2,Angola-2022
AO,Angola,2021,670000,19.42,Angola-2021
AO,Angola,2020,730000,21.83,Angola-2020
AO,Angola,2019,748000,23.11,Angola-2019
GM,Gambia,2022,694000,256.4,Gambia-2022
GM,Gambia,2021,976000,369.65,Gambia-2021
GM,Gambia,2020,242000,94.21,Gambia-2020
GM,Gambia,2019,225000,89.73,Gambia-2019
FR,France,2022,679000,10.5,France-2022
FR,France,2021,625000,9.69,France-2021
FR,France,2020,690000,10.7,France-2020
FR,France,2019,651000,10.1,France-2019
CA,Canada,2022,654000,17,Canada-2022
CA,Canada,2021,558000,14.62,Canada-2021
CA,Canada,2020,660000,17.43,Canada-2020
CA,Canada,2019,736000,19.61,Canada-2019
DE,Germany,2022,648000,7.77,Germany-2022
DE,Germany,2021,669000,8.03,Germany-2021
DE,Germany,2020,616000,7.39,Germany-2020
DE,Germany,2019,601000,7.23,Germany-2019
PG,Papua New Guinea,2022,640000,63.08,Papua New Guinea-2022
PG,Papua New Guinea,2021,542000,54.43,Papua New Guinea-2021
PG,Papua New Guinea,2020,359000,36.79,Papua New Guinea-2020
PG,Papua New Guinea,2019,317000,33.2,Papua New Guinea-2019
NI,Nicaragua,2022,582000,83.77,Nicaragua-2022
NI,Nicaragua,2021,587000,85.73,Nicaragua-2021
NI,Nicaragua,2020,582000,86.16,Nicaragua-2020
NI,Nicaragua,2019,488000,73.28,Nicaragua-2019
BO,Bolivia,2022,534000,43.7,Bolivia-2022
BO,Bolivia,2021,520000,43.08,Bolivia-2021
BO,Bolivia,2020,517000,43.29,Bolivia-2020
BO,Bolivia,2019,482000,40.91,Bolivia-2019
IT,Italy,2022,532000,9.01,Italy-2022
IT,Italy,2021,505000,8.52,Italy-2021
IT,Italy,2020,489000,8.22,Italy-2020
IT,Italy,2019,556000,9.31,Italy-2019
ES,Spain,2022,520000,10.93,Spain-2022
ES,Spain,2021,564000,11.88,Spain-2021
ES,Spain,2020,527000,11.12,Spain-2020
ES,Spain,2019,543000,11.52,Spain-2019
AR,Argentina,2022,504000,11.07,Argentina-2022
AR,Argentina,2021,749000,17.53,Argentina-2021
AR,Argentina,2020,699000,15.51,Argentina-2020
AR,Argentina,2019,503000,11.24,Argentina-2019
PA,Panama,2022,471000,106.77,Panama-2022
PA,Panama,2021,423000,97.26,Panama-2021
PA,Panama,2020,502000,116.8,Panama-2020
PA,Panama,2019,483000,114.06,Panama-2019
MR,Mauritania,2022,457000,96.51,Mauritania-2022
MR,Mauritania,2021,490000,106.17,Mauritania-2021
MR,Mauritania,2020,322000,71.47,Mauritania-2020
MR,Mauritania,2019,325000,74.06,Mauritania-2019
AE,United Arab Emirates,2022,456000,48.33,United Arab Emirates-2022
AE,United Arab Emirates,2021,360000,38.46,United Arab Emirates-2021
AE,United Arab Emirates,2020,401000,43.17,United Arab Emirates-2020
AE,United Arab Emirates,2019,356000,38.67,United Arab Emirates-2019
BE,Belgium,2022,453000,38.88,Belgium-2022
BE,Belgium,2021,19000,1.63,Belgium-2021
BE,Belgium,2020,166000,14.39,Belgium-2020
BE,Belgium,2019,19000,1.66,Belgium-2019
HK,Hong Kong,2022,416000,55.51,Hong Kong-2022
HK,Hong Kong,2021,418000,55.8,Hong Kong-2021
HK,Hong Kong,2020,453000,60.43,Hong Kong-2020
HK,Hong Kong,2019,445000,59.33,Hong Kong-2019
TG,Togo,2022,413000,46.7,Togo-2022
TG,Togo,2021,395000,45.74,Togo-2021
TG,Togo,2020,238000,28.17,Togo-2020
TG,Togo,2019,173000,21,Togo-2019
OM,Oman,2022,376000,82.15,Oman-2022
OM,Oman,2021,303000,67.06,Oman-2021
OM,Oman,2020,NA,NA,Oman-2020
OM,Oman,2019,338000,73.41,Oman-2019
AU,Australia,2022,366000,13.97,Australia-2022
AU,Australia,2021,372000,14.33,Australia-2021
AU,Australia,2020,348000,13.57,Australia-2020
AU,Australia,2019,339000,13.37,Australia-2019
KW,Kuwait,2022,326000,76.31,Kuwait-2022
KW,Kuwait,2021,337000,79.26,Kuwait-2021
KW,Kuwait,2020,349000,79.97,Kuwait-2020
KW,Kuwait,2019,352000,79.16,Kuwait-2019
TD,Chad,2022,323000,18.22,Chad-2022
TD,Chad,2021,349000,20.29,Chad-2021
TD,Chad,2020,241000,14.49,Chad-2020
TD,Chad,2019,219000,13.61,Chad-2019
CR,Costa Rica,2022,321000,62.04,Costa Rica-2022
CR,Costa Rica,2021,352000,68.29,Costa Rica-2021
CR,Costa Rica,2020,355000,69.33,Costa Rica-2020
CR,Costa Rica,2019,347000,68.28,Costa Rica-2019
GW,Guinea-Bissau,2022,309000,146.57,Guinea-Bissau-2022
GW,Guinea-Bissau,2021,453000,219.75,Guinea-Bissau-2021
GW,Guinea-Bissau,2020,288000,143.06,Guinea-Bissau-2020
GW,Guinea-Bissau,2019,278000,141.08,Guinea-Bissau-2019
RW,Rwanda,2022,294000,21.34,Rwanda-2022
RW,Rwanda,2021,237000,17.58,Rwanda-2021
RW,Rwanda,2020,224000,17,Rwanda-2020
RW,Rwanda,2019,194000,15.1,Rwanda-2019
UZ,Uzbekistan,2022,292000,8.43,Uzbekistan-2022
UZ,Uzbekistan,2021,333000,9.78,Uzbekistan-2021
UZ,Uzbekistan,2020,275000,8.19,Uzbekistan-2020
UZ,Uzbekistan,2019,322000,9.77,Uzbekistan-2019
ZW,Zimbabwe,2022,275000,16.82,Zimbabwe-2022
ZW,Zimbabwe,2021,220000,13.75,Zimbabwe-2021
ZW,Zimbabwe,2020,218000,13.92,Zimbabwe-2020
ZW,Zimbabwe,2019,202000,13.15,Zimbabwe-2019
DZ,Algeria,2022,265000,5.9,Algeria-2022
DZ,Algeria,2021,174000,3.93,Algeria-2021
DZ,Algeria,2020,180000,4.15,Algeria-2020
DZ,Algeria,2019,184000,4.31,Algeria-2019
IL,Israel,2022,254000,28.09,Israel-2022
IL,Israel,2021,217000,24.38,Israel-2021
IL,Israel,2020,214000,24.39,Israel-2020
IL,Israel,2019,202000,23.51,Israel-2019
QA,Qatar,2022,251000,93.29,Qatar-2022
QA,Qatar,2021,262000,97.37,Qatar-2021
QA,Qatar,2020,287000,104,Qatar-2020
QA,Qatar,2019,291000,103.55,Qatar-2019
CL,Chile,2022,244000,12.43,Chile-2022
CL,Chile,2021,255000,13.08,Chile-2021
CL,Chile,2020,256000,13.28,Chile-2020
CL,Chile,2019,246000,12.94,Chile-2019
KM,Comoros,2022,230000,274.51,Comoros-2022
KM,Comoros,2021,242000,294.93,Comoros-2021
KM,Comoros,2020,63000,78.6,Comoros-2020
KM,Comoros,2019,84000,106.52,Comoros-2019
HN,Honduras,2022,220000,21.11,Honduras-2022
HN,Honduras,2021,222000,21.62,Honduras-2021
HN,Honduras,2020,236000,23.34,Honduras-2020
HN,Honduras,2019,216000,21.69,Honduras-2019
PL,Poland,2022,210000,5.28,Poland-2022
PL,Poland,2021,246000,6.43,Poland-2021
PL,Poland,2020,263000,6.85,Poland-2020
PL,Poland,2019,239000,6.22,Poland-2019
GT,Guatemala,2022,207000,11.59,Guatemala-2022
GT,Guatemala,2021,128000,7.26,Guatemala-2021
GT,Guatemala,2020,234000,13.46,Guatemala-2020
GT,Guatemala,2019,194000,11.35,Guatemala-2019
SY,Syria,2022,194000,8.78,Syria-2022
SY,Syria,2021,174000,8.16,Syria-2021
SY,Syria,2020,170000,8.17,Syria-2020
SY,Syria,2019,134000,6.66,Syria-2019
PT,Portugal,2022,188000,18.31,Portugal-2022
PT,Portugal,2021,184000,17.89,Portugal-2021
PT,Portugal,2020,222000,21.56,Portugal-2020
PT,Portugal,2019,148000,14.38,Portugal-2019
TL,Timor-Leste,2022,186000,138.49,Timor-Leste-2022
TL,Timor-Leste,2021,189000,142.73,Timor-Leste-2021
TL,Timor-Leste,2020,178000,136.58,Timor-Leste-2020
TL,Timor-Leste,2019,170000,132.84,Timor-Leste-2019
TJ,Tajikistan,2022,180000,18.07,Tajikistan-2022
TJ,Tajikistan,2021,108000,11.05,Tajikistan-2021
TJ,Tajikistan,2020,160000,16.73,Tajikistan-2020
TJ,Tajikistan,2019,152000,16.23,Tajikistan-2019
KZ,Kazakhstan,2022,179000,9.24,Kazakhstan-2022
KZ,Kazakhstan,2021,385000,20.08,Kazakhstan-2021
KZ,Kazakhstan,2020,178000,9.35,Kazakhstan-2020
KZ,Kazakhstan,2019,243000,12.94,Kazakhstan-2019
LY,Libya,2022,175000,25.67,Libya-2022
LY,Libya,2021,197000,29.22,Libya-2021
LY,Libya,2020,204000,30.66,Libya-2020
LY,Libya,2019,223000,33.98,Libya-2019
SD,Sudan,2022,151000,3.22,Sudan-2022
SD,Sudan,2021,168000,3.67,Sudan-2021
SD,Sudan,2020,141000,3.18,Sudan-2020
SD,Sudan,2019,157000,3.63,Sudan-2019
MA,Morocco,2022,151000,4.03,Morocco-2022
MA,Morocco,2021,96000,2.59,Morocco-2021
MA,Morocco,2020,130000,3.53,Morocco-2020
MA,Morocco,2019,99000,2.73,Morocco-2019
BT,Bhutan,2022,138000,176.8,Bhutan-2022
BT,Bhutan,2021,135000,173.13,Bhutan-2021
BT,Bhutan,2020,135000,175.38,Bhutan-2020
BT,Bhutan,2019,133000,173.48,Bhutan-2019
RO,Romania,2022,133000,6.75,Romania-2022
RO,Romania,2021,75000,3.89,Romania-2021
RO,Romania,2020,105000,5.42,Romania-2020
RO,Romania,2019,97000,4.95,Romania-2019
SE,Sweden,2022,128000,12.15,Sweden-2022
SE,Sweden,2021,114000,10.87,Sweden-2021
SE,Sweden,2020,129000,12.4,Sweden-2020
SE,Sweden,2019,124000,12.04,Sweden-2019
GA,Gabon,2022,128000,53.54,Gabon-2022
GA,Gabon,2021,127000,54.39,Gabon-2021
GA,Gabon,2020,123000,53.78,Gabon-2020
GA,Gabon,2019,119000,53.09,Gabon-2019
MW,Malawi,2022,127000,6.2,Malawi-2022
MW,Malawi,2021,130000,6.53,Malawi-2021
MW,Malawi,2020,130000,6.7,Malawi-2020
MW,Malawi,2019,97000,5.15,Malawi-2019
MU,Mauritius,2022,123000,94.6,Mauritius-2022
MU,Mauritius,2021,119000,91.48,Mauritius-2021
MU,Mauritius,2020,74000,56.96,Mauritius-2020
MU,Mauritius,2019,66000,51.04,Mauritius-2019
UA,Ukraine,2022,121000,3.06,Ukraine-2022
UA,Ukraine,2021,139000,3.2,Ukraine-2021
UA,Ukraine,2020,206000,4.7,Ukraine-2020
UA,Ukraine,2019,165000,3.72,Ukraine-2019
BI,Burundi,2022,116000,9,Burundi-2022
BI,Burundi,2021,121000,9.66,Burundi-2021
BI,Burundi,2020,136000,11.16,Burundi-2020
BI,Burundi,2019,107000,8.98,Burundi-2019
ZM,Zambia,2022,111000,5.56,Zambia-2022
ZM,Zambia,2021,81000,4.16,Zambia-2021
ZM,Zambia,2020,72000,3.81,Zambia-2020
ZM,Zambia,2019,54000,2.92,Zambia-2019
JM,Jamaica,2022,108000,38.29,Jamaica-2022
JM,Jamaica,2021,113000,40.02,Jamaica-2021
JM,Jamaica,2020,110000,39.06,Jamaica-2020
JM,Jamaica,2019,108000,38.21,Jamaica-2019
DJ,Djibouti,2022,105000,93.57,Djibouti-2022
DJ,Djibouti,2021,92000,83.47,Djibouti-2021
DJ,Djibouti,2020,NA,NA,Djibouti-2020
DJ,Djibouti,2019,85000,78.92,Djibouti-2019
CG,Congo,2022,103000,17.25,Congo-2022
CG,Congo,2021,98000,16.79,Congo-2021
CG,Congo,2020,89000,15.55,Congo-2020
CG,Congo,2019,92000,16.45,Congo-2019
NL,Netherlands,2022,102000,5.83,Netherlands-2022
NL,Netherlands,2021,267000,15.26,Netherlands-2021
NL,Netherlands,2020,263000,15.08,Netherlands-2020
NL,Netherlands,2019,232000,13.36,Netherlands-2019
SV,El Salvador,2022,102000,16.12,El Salvador-2022
SV,El Salvador,2021,95000,15.1,El Salvador-2021
SV,El Salvador,2020,119000,18.9,El Salvador-2020
SV,El Salvador,2019,95000,15.18,El Salvador-2019
BH,Bahrain,2022,95000,64.79,Bahrain-2022
BH,Bahrain,2021,103000,70.14,Bahrain-2021
BH,Bahrain,2020,103000,70.02,Bahrain-2020
BH,Bahrain,2019,104000,69.78,Bahrain-2019
TM,Turkmenistan,2022,86000,13.4,Turkmenistan-2022
TM,Turkmenistan,2021,68000,10.7,Turkmenistan-2021
TM,Turkmenistan,2020,70000,11.22,Turkmenistan-2020
TM,Turkmenistan,2019,77000,12.55,Turkmenistan-2019
AZ,Azerbaijan,2022,81000,7.81,Azerbaijan-2022
AZ,Azerbaijan,2021,75000,7.28,Azerbaijan-2021
AZ,Azerbaijan,2020,60000,5.88,Azerbaijan-2020
AZ,Azerbaijan,2019,34000,3.28,Azerbaijan-2019
AT,Austria,2022,81000,9.08,Austria-2022
AT,Austria,2021,80000,8.91,Austria-2021
AT,Austria,2020,84000,9.43,Austria-2020
AT,Austria,2019,67000,7.56,Austria-2019
GY,Guyana,2022,79000,97.79,Guyana-2022
GY,Guyana,2021,77000,95.61,Guyana-2021
GY,Guyana,2020,82000,102.28,Guyana-2020
GY,Guyana,2019,90000,112.68,Guyana-2019
NZ,New Zealand,2022,78000,14.98,New Zealand-2022
NZ,New Zealand,2021,76000,14.75,New Zealand-2021
NZ,New Zealand,2020,86000,17.04,New Zealand-2020
NZ,New Zealand,2019,77000,15.52,New Zealand-2019
FI,Finland,2022,76000,13.73,Finland-2022
FI,Finland,2021,61000,11.03,Finland-2021
FI,Finland,2020,59000,10.66,Finland-2020
FI,Finland,2019,56000,10.11,Finland-2019
CF,Central African Rep.,2022,76000,13.66,Central African Rep.-2022
CF,Central African Rep.,2021,35000,6.37,Central African Rep.-2021
CF,Central African Rep.,2020,36000,6.73,Central African Rep.-2020
CF,Central African Rep.,2019,25000,4.76,Central African Rep.-2019
CZ,Czechia,2022,72000,6.89,Czechia-2022
CZ,Czechia,2021,66000,6.33,Czechia-2021
CZ,Czechia,2020,83000,7.89,Czechia-2020
CZ,Czechia,2019,73000,6.96,Czechia-2019
HU,Hungary,2022,72000,7.25,Hungary-2022
HU,Hungary,2021,54000,5.61,Hungary-2021
HU,Hungary,2020,69000,7.05,Hungary-2020
HU,Hungary,2019,66000,6.72,Hungary-2019
MN,Mongolia,2022,72000,21.22,Mongolia-2022
MN,Mongolia,2021,60000,17.93,Mongolia-2021
MN,Mongolia,2020,51000,15.58,Mongolia-2020
MN,Mongolia,2019,41000,12.82,Mongolia-2019
BW,Botswana,2022,69000,26.29,Botswana-2022
BW,Botswana,2021,60000,23.01,Botswana-2021
BW,Botswana,2020,46000,18.25,Botswana-2020
BW,Botswana,2019,45000,18.2,Botswana-2019
GR,Greece,2022,63000,6.06,Greece-2022
GR,Greece,2021,77000,7.38,Greece-2021
GR,Greece,2020,101000,9.59,Greece-2020
GR,Greece,2019,79000,7.45,Greece-2019
SR,Suriname,2022,62000,100.45,Suriname-2022
SR,Suriname,2021,62000,100.44,Suriname-2021
SR,Suriname,2020,61000,101.25,Suriname-2020
SR,Suriname,2019,60000,100.25,Suriname-2019
SB,Solomon Islands,2022,57000,78.61,Solomon Islands-2022
SB,Solomon Islands,2021,62000,86.95,Solomon Islands-2021
SB,Solomon Islands,2020,62000,89.09,Solomon Islands-2020
SB,Solomon Islands,2019,65000,95.74,Solomon Islands-2019
DK,Denmark,2022,56000,9.47,Denmark-2022
DK,Denmark,2021,60000,10.23,Denmark-2021
DK,Denmark,2020,51000,8.7,Denmark-2020
DK,Denmark,2019,NA,NA,Denmark-2019
FJ,Fiji,2022,55000,59.63,Fiji-2022
FJ,Fiji,2021,56000,60.65,Fiji-2021
FJ,Fiji,2020,53000,58.09,Fiji-2020
FJ,Fiji,2019,57000,62.01,Fiji-2019
KG,Kyrgyzstan,2022,53000,7.94,Kyrgyzstan-2022
KG,Kyrgyzstan,2021,62000,9.54,Kyrgyzstan-2021
KG,Kyrgyzstan,2020,53000,8.29,Kyrgyzstan-2020
KG,Kyrgyzstan,2019,49000,7.75,Kyrgyzstan-2019
IE,Ireland,2022,51000,10.07,Ireland-2022
IE,Ireland,2021,31000,6.18,Ireland-2021
IE,Ireland,2020,31000,6.21,Ireland-2020
IE,Ireland,2019,34000,6.86,Ireland-2019
UY,Uruguay,2022,48000,13.93,Uruguay-2022
UY,Uruguay,2021,51000,14.86,Uruguay-2021
UY,Uruguay,2020,52000,15.13,Uruguay-2020
UY,Uruguay,2019,52000,15.28,Uruguay-2019
SZ,Eswatini,2022,48000,39.68,Eswatini-2022
SZ,Eswatini,2021,46000,38.26,Eswatini-2021
SZ,Eswatini,2020,49000,41.15,Eswatini-2020
SZ,Eswatini,2019,42000,35.72,Eswatini-2019
CV,Cape Verde,2022,45000,76.23,Cape Verde-2022
CV,Cape Verde,2021,39000,66.18,Cape Verde-2021
CV,Cape Verde,2020,41000,70.14,Cape Verde-2020
CV,Cape Verde,2019,41000,71.52,Cape Verde-2019
NA,Namibia,2022,43000,16.79,Namibia-2022
NA,Namibia,2021,32000,12.62,Namibia-2021
NA,Namibia,2020,20000,7.86,Namibia-2020
NA,Namibia,2019,28000,11.35,Namibia-2019
NO,Norway,2022,41000,7.48,Norway-2022
NO,Norway,2021,40000,7.36,Norway-2021
NO,Norway,2020,43000,7.91,Norway-2020
NO,Norway,2019,39000,7.3,Norway-2019
MV,Maldives,2022,40000,76.4,Maldives-2022
MV,Maldives,2021,43000,82.22,Maldives-2021
MV,Maldives,2020,46000,89.91,Maldives-2020
MV,Maldives,2019,27000,54.19,Maldives-2019
PY,Paraguay,2022,38000,5.61,Paraguay-2022
PY,Paraguay,2021,69000,10.37,Paraguay-2021
PY,Paraguay,2020,50000,7.59,Paraguay-2020
PY,Paraguay,2019,37000,5.6,Paraguay-2019
TT,Trinidad and Tobago,2022,38000,24.85,Trinidad and Tobago-2022
TT,Trinidad and Tobago,2021,38000,24.87,Trinidad and Tobago-2021
TT,Trinidad and Tobago,2020,39000,25.76,Trinidad and Tobago-2020
TT,Trinidad and Tobago,2019,18000,24.89,Trinidad and Tobago-2019
SS,S. Sudan,2022,36000,3.25,S. Sudan-2022
SS,S. Sudan,2021,77000,7.15,S. Sudan-2021
SS,S. Sudan,2020,45000,4.26,S. Sudan-2020
SS,S. Sudan,2019,31000,3,S. Sudan-2019
AL,Albania,2022,34000,11.83,Albania-2022
AL,Albania,2021,33000,11.42,Albania-2021
AL,Albania,2020,27000,9.31,Albania-2020
AL,Albania,2019,37000,12.82,Albania-2019
VU,Vanuatu,2022,34000,104.93,Vanuatu-2022
VU,Vanuatu,2021,1000,4.5,Vanuatu-2021
VU,Vanuatu,2020,27000,85.89,Vanuatu-2020
VU,Vanuatu,2019,24000,80.36,Vanuatu-2019
CH,Switzerland,2022,32000,3.7,Switzerland-2022
CH,Switzerland,2021,36000,4.13,Switzerland-2021
CH,Switzerland,2020,36000,4.15,Switzerland-2020
CH,Switzerland,2019,32000,3.71,Switzerland-2019
TN,Tunisia,2022,30000,2.42,Tunisia-2022
TN,Tunisia,2021,15000,1.23,Tunisia-2021
TN,Tunisia,2020,20000,1.67,Tunisia-2020
TN,Tunisia,2019,23000,1.9,Tunisia-2019
BG,Bulgaria,2022,27000,3.99,Bulgaria-2022
BG,Bulgaria,2021,14000,1.99,Bulgaria-2021
BG,Bulgaria,2020,31000,4.49,Bulgaria-2020
BG,Bulgaria,2019,27000,3.78,Bulgaria-2019
LS,Lesotho,2022,26000,11.35,Lesotho-2022
LS,Lesotho,2021,30000,13.14,Lesotho-2021
LS,Lesotho,2020,9000,3.8,Lesotho-2020
LS,Lesotho,2019,9000,4.03,Lesotho-2019
LT,Lithuania,2022,24000,8.73,Lithuania-2022
LT,Lithuania,2021,20000,7.13,Lithuania-2021
LT,Lithuania,2020,15000,5.27,Lithuania-2020
LT,Lithuania,2019,3000,0.91,Lithuania-2019
AM,Armenia,2022,22000,7.8,Armenia-2022
AM,Armenia,2021,14000,4.96,Armenia-2021
AM,Armenia,2020,16000,5.85,Armenia-2020
AM,Armenia,2019,17000,5.9,Armenia-2019
SK,Slovakia,2022,20000,3.61,Slovakia-2022
SK,Slovakia,2021,18000,3.31,Slovakia-2021
SK,Slovakia,2020,21000,3.81,Slovakia-2020
SK,Slovakia,2019,20000,3.7,Slovakia-2019
HR,Croatia,2022,17000,4.28,Croatia-2022
HR,Croatia,2021,20000,4.83,Croatia-2021
HR,Croatia,2020,20000,4.97,Croatia-2020
HR,Croatia,2019,16000,3.76,Croatia-2019
MD,Moldova,2022,17000,6.27,Moldova-2022
MD,Moldova,2021,16000,6.3,Moldova-2021
MD,Moldova,2020,14000,5.52,Moldova-2020
MD,Moldova,2019,14000,5.52,Moldova-2019
GE,Georgia,2022,16000,4.25,Georgia-2022
GE,Georgia,2021,13000,3.53,Georgia-2021
GE,Georgia,2020,16000,4.33,Georgia-2020
GE,Georgia,2019,16000,4.33,Georgia-2019
ST,Sao Tome and Principe,2022,16000,71.49,Sao Tome and Principe-2022
ST,Sao Tome and Principe,2021,11000,49.57,Sao Tome and Principe-2021
ST,Sao Tome and Principe,2020,10000,45.2,Sao Tome and Principe-2020
ST,Sao Tome and Principe,2019,9000,40.3,Sao Tome and Principe-2019
BZ,Belize,2022,13000,32.47,Belize-2022
BZ,Belize,2021,13000,31.39,Belize-2021
BZ,Belize,2020,12000,30.7,Belize-2020
BZ,Belize,2019,13000,32.81,Belize-2019
WS,Samoa,2022,13000,57.44,Samoa-2022
WS,Samoa,2021,11000,51.59,Samoa-2021
WS,Samoa,2020,9000,40.56,Samoa-2020
WS,Samoa,2019,7000,31.87,Samoa-2019
BA,Bosnia and Herzegovina,2022,11000,3.56,Bosnia and Herzegovina-2022
BA,Bosnia and Herzegovina,2021,11000,3.4,Bosnia and Herzegovina-2021
BA,Bosnia and Herzegovina,2020,11000,3.8,Bosnia and Herzegovina-2020
BA,Bosnia and Herzegovina,2019,11000,3.29,Bosnia and Herzegovina-2019
SI,Slovenia,2022,11000,5.23,Slovenia-2022
SI,Slovenia,2021,8000,3.99,Slovenia-2021
SI,Slovenia,2020,21000,9.8,Slovenia-2020
SI,Slovenia,2019,9000,4.29,Slovenia-2019
CY,Cyprus,2022,10000,8.3,Cyprus-2022
CY,Cyprus,2021,10000,7.83,Cyprus-2021
CY,Cyprus,2020,11000,9.22,Cyprus-2020
CY,Cyprus,2019,11000,8.75,Cyprus-2019
FM,Micronesia,2022,9000,79.54,Micronesia-2022
FM,Micronesia,2021,10000,84.45,Micronesia-2021
FM,Micronesia,2020,9000,81.7,Micronesia-2020
FM,Micronesia,2019,9000,81.68,Micronesia-2019
NC,New Caledonia,2022,7000,22.86,New Caledonia-2022
NC,New Caledonia,2021,NA,NA,New Caledonia-2021
NC,New Caledonia,2020,7000,24.58,New Caledonia-2020
NC,New Caledonia,2019,NA,NA,New Caledonia-2019
SC,Seychelles,2022,7000,62.08,Seychelles-2022
SC,Seychelles,2021,8000,72.63,Seychelles-2021
SC,Seychelles,2020,7000,65.33,Seychelles-2020
SC,Seychelles,2019,6000,62.14,Seychelles-2019
EE,Estonia,2022,6000,4.82,Estonia-2022
EE,Estonia,2021,6000,4.57,Estonia-2021
EE,Estonia,2020,6000,4.28,Estonia-2020
EE,Estonia,2019,5000,3.96,Estonia-2019
MT,Malta,2022,6000,11.77,Malta-2022
MT,Malta,2021,5000,10.16,Malta-2021
MT,Malta,2020,6000,11.02,Malta-2020
MT,Malta,2019,5000,9.89,Malta-2019
BB,Barbados,2022,6000,22.36,Barbados-2022
BB,Barbados,2021,6000,22.27,Barbados-2021
BB,Barbados,2020,6000,22.62,Barbados-2020
BB,Barbados,2019,5000,18.91,Barbados-2019
LU,Luxembourg,2022,5000,8.37,Luxembourg-2022
LU,Luxembourg,2021,5000,8.01,Luxembourg-2021
LU,Luxembourg,2020,5000,8.6,Luxembourg-2020
LU,Luxembourg,2019,5000,7.41,Luxembourg-2019
BS,Bahamas,2022,5000,11.41,Bahamas-2022
BS,Bahamas,2021,11000,26.25,Bahamas-2021
BS,Bahamas,2020,11000,28.21,Bahamas-2020
BS,Bahamas,2019,12000,28.66,Bahamas-2019
LC,Saint Lucia,2022,5000,27.69,Saint Lucia-2022
LC,Saint Lucia,2021,NA,NA,Saint Lucia-2021
LC,Saint Lucia,2020,1000,16.62,Saint Lucia-2020
LC,Saint Lucia,2019,3000,16.16,Saint Lucia-2019
RS,Serbia,2022,3000,0.42,Serbia-2022
RS,Serbia,2021,26000,3.58,Serbia-2021
RS,Serbia,2020,16000,2.12,Serbia-2020
RS,Serbia,2019,12000,1.65,Serbia-2019
ME,Montenegro,2022,3000,4.37,Montenegro-2022
ME,Montenegro,2021,2000,3.5,Montenegro-2021
ME,Montenegro,2020,2000,3.18,Montenegro-2020
ME,Montenegro,2019,2000,3.37,Montenegro-2019
IS,Iceland,2022,3000,7.3,Iceland-2022
IS,Iceland,2021,2000,5.65,Iceland-2021
IS,Iceland,2020,2000,6.74,Iceland-2020
IS,Iceland,2019,2000,5.75,Iceland-2019
MK,North Macedonia,2022,2000,1.11,North Macedonia-2022
MK,North Macedonia,2021,8000,3.74,North Macedonia-2021
MK,North Macedonia,2020,7000,3.38,North Macedonia-2020
MK,North Macedonia,2019,8000,3.63,North Macedonia-2019
GD,Grenada,2022,2000,16.36,Grenada-2022
GD,Grenada,2021,2000,15.09,Grenada-2021
GD,Grenada,2020,NA,0.68,Grenada-2020
GD,Grenada,2019,1000,10.28,Grenada-2019
VC,Saint Vincent and the Grenadines,2022,2000,23.99,Saint Vincent and the Grenadines-2022
VC,Saint Vincent and the Grenadines,2021,2000,15.82,Saint Vincent and the Grenadines-2021
VC,Saint Vincent and the Grenadines,2020,1000,8.36,Saint Vincent and the Grenadines-2020
VC,Saint Vincent and the Grenadines,2019,1000,7.31,Saint Vincent and the Grenadines-2019
BY,Belarus,2022,1000,0.1,Belarus-2022
BY,Belarus,2021,45000,4.73,Belarus-2021
BY,Belarus,2020,41000,4.23,Belarus-2020
BY,Belarus,2019,2000,0.17,Belarus-2019
MO,Macau,2022,1000,1.85,Macau-2022
MO,Macau,2021,1000,0.76,Macau-2021
MO,Macau,2020,NA,0.31,Macau-2020
MO,Macau,2019,28000,41.91,Macau-2019
TO,Tonga,2022,1000,4.88,Tonga-2022
TO,Tonga,2021,NA,NA,Tonga-2021
TO,Tonga,2020,NA,NA,Tonga-2020
TO,Tonga,2019,NA,NA,Tonga-2019
AG,Antigua and Barbuda,2022,1000,12.86,Antigua and Barbuda-2022
AG,Antigua and Barbuda,2021,1000,15.09,Antigua and Barbuda-2021
AG,Antigua and Barbuda,2020,1000,14.93,Antigua and Barbuda-2020
AG,Antigua and Barbuda,2019,1000,13.07,Antigua and Barbuda-2019
DM,Dominican Rep.,2022,1000,13.05,Dominican Rep.-2022
DM,Dominican Rep.,2021,NA,1.72,Dominican Rep.-2021
DM,Dominican Rep.,2020,NA,1.56,Dominican Rep.-2020
DM,Dominican Rep.,2019,1000,10.01,Dominican Rep.-2019
KN,Saint Kitts and Nevis,2022,1000,25.97,Saint Kitts and Nevis-2022
KN,Saint Kitts and Nevis,2021,1000,26.18,Saint Kitts and Nevis-2021
KN,Saint Kitts and Nevis,2020,1000,26.36,Saint Kitts and Nevis-2020
KN,Saint Kitts and Nevis,2019,1000,26.63,Saint Kitts and Nevis-2019
KP,North Korea,2022,NA,NA,North Korea-2022
KP,North Korea,2021,2328000,89.65,North Korea-2021
KP,North Korea,2020,2354000,91,North Korea-2020
KP,North Korea,2019,2543000,98.75,North Korea-2019
JO,Jordan,2022,NA,NA,Jordan-2022
JO,Jordan,2021,NA,NA,Jordan-2021
JO,Jordan,2020,NA,NA,Jordan-2020
JO,Jordan,2019,313000,29.26,Jordan-2019
LB,Lebanon,2022,NA,0.01,Lebanon-2022
LB,Lebanon,2021,90000,16.05,Lebanon-2021
LB,Lebanon,2020,NA,NA,Lebanon-2020
LB,Lebanon,2019,99000,17.06,Lebanon-2019
LV,Latvia,2022,NA,0.09,Latvia-2022
LV,Latvia,2021,7000,3.81,Latvia-2021
LV,Latvia,2020,9000,4.83,Latvia-2020
LV,Latvia,2019,8000,4.4,Latvia-2019
PF,French Polynesia,2022,NA,NA,French Polynesia-2022
PF,French Polynesia,2021,NA,NA,French Polynesia-2021
PF,French Polynesia,2020,15000,49.85,French Polynesia-2020
PF,French Polynesia,2019,15000,49.62,French Polynesia-2019
KI,Kiribati,2022,NA,NA,Kiribati-2022
KI,Kiribati,2021,12000,91.87,Kiribati-2021
KI,Kiribati,2020,NA,NA,Kiribati-2020
KI,Kiribati,2019,NA,NA,Kiribati-2019
NR,Nauru,2022,NA,34.48,Nauru-2022
NR,Nauru,2021,NA,28.95,Nauru-2021
NR,Nauru,2020,NA,29.77,Nauru-2020
NR,Nauru,2019,NA,27.58,Nauru-2019
